txn_id,date,amount,counterparty,payment_method,reference_number,status
L00059,2026-07-01,17693.85,LALL PLC,NEFT,pay_jJr8Ob1yV7Zvm6,captured
L00085,2026-07-01,2131.2,"ANDRA, KHARE AND MAHAJAN",CARD,pay_G4GVUffPC1C5Eh,captured
L00182,2026-07-01,5344.59,MERCHANT AND SONS,CARD,pay_PJ8E3cLSEj74bY,captured
L00188,2026-07-01,26106.65,GARDE-SARMA,UPI,pay_J01tnn2ky8lxuZ,captured
L00267,2026-07-01,838.87,KALA-RAVAL,IMPS,pay_REkG2GRBKDGtt7,captured
L00364,2026-07-01,1181.67,KANT-REGE,NETBANKING,pay_1CqoZvMoU8ONMj,captured
L00368,2026-07-01,795.09,BHATTACHARYYA-CHAWLA,IMPS,pay_Brdko05VWkFNDL,captured
L00369,2026-07-01,1060.43,BHATTACHARYYA-CHAWLA,IMPS,pay_qAjBkcGnOo4yCj,captured
L00384,2026-07-01,7807.34,"IYENGAR, MINHAS AND CHANA",UPI,pay_Nh7Nzr7HLAVAnJ,captured
L00396,2026-07-01,2272.73,"DAR, VISWANATHAN AND MEMON",IMPS,pay_4aVtx1LgOQO3Va,captured
L00054,2026-07-02,976.16,"SARMA, GREWAL AND MAHAJAN",IMPS,pay_FppyT9MPzLfd5T,captured
L00127,2026-07-02,7132.81,MANGAL LTD,UPI,pay_AMKWsVuv5mBMU1,captured
L00141,2026-07-02,2643.13,JAGGI-WALLA,NEFT,pay_unr0ssZhkobWF1,captured
L00236,2026-07-02,2158.61,BARMAN-REGE,WALLET,pay_nhCbDOE2p0Xa5o,captured
L00266,2026-07-02,2002.2,KALA-RAVAL,WALLET,pay_0wAwdUIbSfj4qk,captured
L00370,2026-07-02,9466.02,BHATTACHARYYA-CHAWLA,NETBANKING,pay_bJ7qrUwF6Ybzc0,captured
L00371,2026-07-02,38539.5,"SATHE, BAHL AND JHA",NETBANKING,pay_3RKqbxaSiDXL5X,captured
L00397,2026-07-02,2272.73,"DAR, VISWANATHAN AND MEMON",IMPS,pay_4aVtx1LgOQO3Va,captured
L00441,2026-07-02,9167.8,"TANDON, NANDA AND SHARMA",CARD,pay_YvvxOFlmNsEOH0,captured
L00450,2026-07-02,42168.86,GUHA LLC,NEFT,pay_lbXBXf0Lu3PUbw,captured
L00007,2026-07-03,3205.8,"SONI, DAR AND BALA",WALLET,pay_7aKVwBG7waPvzN,captured
L00134,2026-07-03,10043.62,SALVI-TALWAR,CARD,pay_0h2kEYL97n8zw0,captured
L00154,2026-07-03,3364.81,"SAHA, BHANDARI AND CHAUDRY",NETBANKING,pay_83bNcUhLXhaXqX,captured
L00193,2026-07-03,1011.91,OZA LTD,NEFT,pay_UmqCD0ezX0wZhO,captured
L00200,2026-07-03,256.75,UPADHYAY INC,NEFT,pay_cgy1GMmsYJH5om,captured
L00211,2026-07-03,4030.03,"GARG, WALIA AND LANKA",NEFT,pay_ea1zcmJVoubKGf,captured
L00322,2026-07-03,4772.86,"COMAR, UPPAL AND SRIDHAR",IMPS,pay_qbi03BlJ5VoDXS,captured
L00337,2026-07-03,29455.58,"GOKHALE, SANKAR AND YADAV",NEFT,pay_EAOr4uHWzVBRlf,captured
L00347,2026-07-03,28368.45,CHAUDHRY-CHADHA,NETBANKING,pay_pzH8sHl5GUCPBG,captured
L00348,2026-07-03,28368.45,CHAUDHRY-CHADHA,NETBANKING,pay_pzH8sHl5GUCPBG,captured
L00360,2026-07-03,4957.42,"CHOPRA, BADAL AND MAGAR",WALLET,pay_6g6omG8XIEgfBr,captured
L00433,2026-07-03,33759.22,NADIG LLC,NEFT,pay_DlRWusEqhedGlH,captured
L00005,2026-07-04,2110.99,BAJWA-SINGH,UPI,pay_FtmCftN4WOKz8b,captured
L00125,2026-07-04,4150.27,SARAN-SHA,UPI,pay_ArYYbbah3d3c0w,captured
L00162,2026-07-04,2217.04,BHARGAVA-DUBEY,UPI,pay_d8ffYxZJ93MvQ9,captured
L00203,2026-07-04,3194.44,GOPAL GROUP,IMPS,pay_JsMZOZZVmQQp6u,captured
L00235,2026-07-04,14486.0,KOTHARI PLC,NEFT,pay_967520cV8uMGzj,captured
L00326,2026-07-04,8103.81,"SANI, GABA AND BHATTACHARYYA",NETBANKING,pay_I8pOedEfwefxX3,captured
L00353,2026-07-04,5324.11,"CHAUDHURI, KARPE AND DESHPANDE",WALLET,pay_VMPqAmAd5VrRd7,captured
L00362,2026-07-04,17369.41,ARORA-LAL,NETBANKING,pay_1U8T74kHxmAHuT,captured
L00374,2026-07-04,3070.46,OZA AND SONS,NETBANKING,pay_PKSOiaMpmA9n9A,captured
L00378,2026-07-04,1699.54,"SHETH, CHANDRAN AND DIN",WALLET,pay_pbJbGNvOtKC7KW,captured
L00379,2026-07-04,8390.95,IYER-SOMAN,NETBANKING,pay_fHRdwDk6SuOzqV,captured
L00381,2026-07-04,1676.52,SANE LLC,UPI,pay_b0aQTv0aOQBfGN,captured
L00422,2026-07-04,10612.17,TAILOR INC,IMPS,pay_kGa96F1xkpETOo,captured
L00049,2026-07-05,14378.39,"BABU, MANGAT AND MAHAJAN",NETBANKING,pay_06K4G0Kvq4zH6h,captured
L00120,2026-07-05,7536.16,PALL-LAD,WALLET,pay_UhZCr93NfeIm1s,captured
L00121,2026-07-05,1991.8,PALL-LAD,NETBANKING,pay_cTAmUuQbf5goZH,captured
L00126,2026-07-05,4148.77,SARAN-SHA,UPI,pay_ArYYbbahiU9oXK,captured
L00145,2026-07-05,4788.73,"BARAD, TATA AND KAMDAR",CARD,pay_TizP32MgvTmecP,captured
L00276,2026-07-05,12251.71,SOMAN-KULKARNI,WALLET,pay_Oa0DKJpATnDpGo,captured
L00300,2026-07-05,4079.84,DARA-WALI,CARD,pay_LE7hXr4whDJNza,captured
L00318,2026-07-05,2618.74,GUPTA LLC,IMPS,pay_3TOwdtOwYQHRn3,captured
L00320,2026-07-05,4312.5,GOPAL-BAIL,IMPS,pay_G5CXq6ZHlM9rmf,captured
L00323,2026-07-05,2456.04,"SANI, GABA AND BHATTACHARYYA",WALLET,pay_LTir2iCZtw0Yt5,captured
L00324,2026-07-05,24365.76,"SANI, GABA AND BHATTACHARYYA",IMPS,pay_qBtHYJb7TRIVll,captured
L00325,2026-07-05,8221.18,"SANI, GABA AND BHATTACHARYYA",CARD,pay_0AKSNjQfgPn1GE,captured
L00356,2026-07-05,1541.12,RAGHAVAN PLC,CARD,pay_HZ2CK8OUyllYID,captured
L00385,2026-07-05,-7807.34,"IYENGAR, MINHAS AND CHANA",UPI,pay_Nh7Nzr7HLAVAnJ-RFD,refunded
L00096,2026-07-06,16105.82,BRAHMBHATT-PUROHIT,WALLET,pay_abUFKKvxAx0KpU,captured
L00107,2026-07-06,1567.93,CHAWLA AND SONS,NETBANKING,pay_eaAY2iRXFaaW27,captured
L00108,2026-07-06,1143.59,HANDA-DUA,UPI,pay_YkyzlpDyuxpHaS,captured
L00228,2026-07-06,19949.39,"AGRAWAL, KADE AND MODY",CARD,pay_aHwnWhVDhEr2vj,captured
L00229,2026-07-06,19949.39,"AGRAWAL, KADE AND MODY",CARD,pay_aHwnWhVDhEr2vj,captured
L00282,2026-07-06,5825.52,VISWANATHAN LLC,NETBANKING,pay_vX1gZsXGICjcgA,captured
L00301,2026-07-06,4079.84,DARA-WALI,CARD,pay_LE7hXr4whDJNza,captured
L00335,2026-07-06,1922.42,DEVAN-KORPAL,NEFT,pay_ZKqbls0foeRz0j,captured
L00411,2026-07-06,3387.37,RANGANATHAN-DEVAN,NEFT,pay_OnxRwv0P6UlnAr,captured
L00423,2026-07-06,4054.57,NARAYAN AND SONS,NEFT,pay_PZ5g5FCygh8O4I,captured
L00454,2026-07-06,12493.39,RAMESH-ZACHARIAH,NETBANKING,pay_J0rq6dPGY2pgrA,captured
L00046,2026-07-07,4427.15,MURTY INC,CARD,pay_knuftJw1AIbULK,captured
L00137,2026-07-07,12555.21,"RATTA, SALVI AND MAGAR",IMPS,pay_Qn1E0xFkgagVle,captured
L00138,2026-07-07,12555.21,"RATTA, SALVI AND MAGAR",IMPS,pay_Qn1E0xFkgagVle,captured
L00150,2026-07-07,8781.41,GADE LLC,CARD,pay_MP35tIwCvXeLns,captured
L00161,2026-07-07,27542.17,"SHANKAR, KUMER AND CHACKO",UPI,pay_g7plHnL5rwL4jO,captured
L00259,2026-07-07,8818.33,UPADHYAY GROUP,NETBANKING,pay_HR5AVlKxr8tOwh,captured
L00361,2026-07-07,11021.86,MUNSHI-SANT,CARD,pay_diNPEXKouUfGFY,captured
L00391,2026-07-07,12106.46,VALA-WAGLE,WALLET,pay_iHjNwNEZKqPNP0,captured
L00437,2026-07-07,12327.58,"PINGLE, PALLA AND MADAN",IMPS,pay_HqCOEfAea4oSpN,captured
L00001,2026-07-08,39623.87,DEEP-BALAKRISHNAN,WALLET,pay_ITdef30Uu0pbdE,captured
L00023,2026-07-08,7340.99,"SHUKLA, SODHI AND KARNIK",NEFT,pay_BE7OZhHnnBia3K,captured
L00081,2026-07-08,8600.63,BARIA AND SONS,NETBANKING,pay_fndSjOf7r5jQX6,captured
L00269,2026-07-08,1316.55,"SHANKER, BHATTACHARYYA AND SHARMA",NEFT,pay_98vcXRXRUxHAAK,captured
L00351,2026-07-08,586.99,KARA-CHAND,NEFT,pay_YYWlZ7hy9ZbyUZ,captured
L00416,2026-07-08,1573.87,CONTRACTOR LLC,NETBANKING,pay_LSz7TvquAcVGOS,captured
L00457,2026-07-08,3988.22,"BAIL, BATH AND KANT",NEFT,pay_PuDMhOsOoV9LYJ,captured
L00084,2026-07-09,3695.94,"SARKAR, SARAF AND MUKHERJEE",IMPS,pay_65wJL5DYqYgmaC,captured
L00119,2026-07-09,12339.45,"BALAKRISHNAN, SHARMA AND KANNAN",NETBANKING,pay_ZY6dzamDLbYNNC,captured
L00172,2026-07-09,32053.27,"THAKUR, AGARWAL AND CHAUDHARI",WALLET,pay_lxN4L25BL0Fo9x,captured
L00227,2026-07-09,8805.68,BAKSHI AND SONS,UPI,pay_nZp0pNtcfkUudG,captured
L00307,2026-07-09,11877.96,"KUMAR, LALA AND NAIR",CARD,pay_e1u4qMYtXi77dF,captured
L00436,2026-07-09,4705.63,ARYA INC,NETBANKING,pay_PM9ROij54807Pf,captured
L00045,2026-07-10,5500.7,NAIDU LLC,CARD,pay_zgXkjeroazN2ah,captured
L00216,2026-07-10,28614.74,PARMAR-SHARMA,NEFT,pay_F6KVI19gcUB3vT,captured
L00226,2026-07-10,1904.58,BAKSHI AND SONS,IMPS,pay_J7VE760u1JOoSD,captured
L00382,2026-07-10,13227.23,GANESAN AND SONS,CARD,pay_FWVaLvqeWnp7Rd,captured
L00403,2026-07-10,2657.38,SEHGAL AND SONS,UPI,pay_MziMmbVwbkUA7w,captured
L00440,2026-07-10,46687.67,DUA-KHATRI,UPI,pay_9u5NyG95zgoUwG,captured
L00015,2026-07-11,9125.73,NAGI-MOHANTY,NETBANKING,pay_kVCGDKELeUFOV5,captured
L00028,2026-07-11,3612.8,MORE INC,WALLET,pay_LuZlClPWpV0tXN,captured
L00191,2026-07-11,10189.57,"DEVAN, MODY AND SINHA",UPI,pay_dfgYTlVqJ88F6W,captured
L00197,2026-07-11,6210.46,SONI-BAHRI,NEFT,pay_KuW6cUoyfkME2N,captured
L00214,2026-07-11,2339.64,"KAMDAR, OAK AND MANGAL",IMPS,pay_f1X5rLSB55m627,captured
L00232,2026-07-11,4407.29,MOHANTY-SARIN,CARD,pay_exmZVQov9czK0p,captured
L00394,2026-07-11,94857.06,"TANDON, MADAN AND SINGHAL",NETBANKING,pay_hxDNOVhoM8vJXj,captured
L00065,2026-07-12,1408.53,RATTAN-GALA,NETBANKING,pay_ArKX2evy0DK6T6,captured
L00092,2026-07-12,3615.86,DEVI-GODA,CARD,pay_1ajvLF0mVJBb6I,captured
L00097,2026-07-12,3310.98,GOLA LLC,CARD,pay_MQVEsIW0j04RWR,captured
L00133,2026-07-12,2465.92,KAUR-SARRAF,NEFT,pay_0bWu9eqjfoedyS,captured
L00178,2026-07-12,10925.55,SHARAF-GERA,NEFT,pay_GSbGGxUSrRJhlT,captured
L00198,2026-07-12,2665.73,CHEEMA-SINGHAL,UPI,pay_FPuT4ZCVwOSxse,captured
L00289,2026-07-12,54978.87,MAGAR LLC,CARD,pay_SXZ4PapaisAZxl,captured
L00434,2026-07-12,4350.3,PANDIT-AHLUWALIA,IMPS,pay_bNMpDZjeJiLHCO,captured
L00451,2026-07-12,4819.67,BADAMI-LALLA,CARD,pay_oNGfNTxqIjIfZw,captured
L00036,2026-07-13,416.77,PANDEY-KONDA,UPI,pay_ZXx8QjqLBYQlCr,captured
L00074,2026-07-13,1540.6,CHANDA AND SONS,WALLET,pay_QoGxri0ARehHs7,captured
L00086,2026-07-13,6811.03,DARA-SINGHAL,IMPS,pay_ACybhGomJAUytl,captured
L00218,2026-07-13,4998.63,"PANDYA, MAHAJAN AND BHATTI",NETBANKING,pay_WzvlyKNQ9bQIjL,captured
L00311,2026-07-13,6070.12,"NAYAK, RAO AND PILLAI",IMPS,pay_7O8fr4IXp2j1L7,captured
L00349,2026-07-13,5024.06,"KUNDA, BAL AND SEKHON",NETBANKING,pay_Qh0sEMJHr8lHaG,captured
L00352,2026-07-13,1818.56,DUBEY LLC,WALLET,pay_AxWUaDJZU6V8Mv,captured
L00424,2026-07-13,12387.61,"PALLA, AMBLE AND DEWAN",CARD,pay_oa11PwfJqF7r33,captured
L00020,2026-07-14,2745.16,MALL-CHAD,NETBANKING,pay_YMBa5T0bq09e4Q,captured
L00165,2026-07-14,7195.05,"RAU, DAS AND BADAL",NEFT,pay_M1P5AfeKuH2beJ,captured
L00173,2026-07-14,-32053.27,"THAKUR, AGARWAL AND CHAUDHARI",WALLET,pay_lxN4L25BL0Fo9x-RFD,refunded
L00180,2026-07-14,2011.03,"RAJU, OAK AND SAMI",IMPS,pay_RQaFshjWbUqQNT,captured
L00344,2026-07-14,8576.7,ANDRA LTD,NETBANKING,pay_vcAup4FCdtLHZc,captured
L00345,2026-07-14,8576.7,ANDRA LTD,NETBANKING,pay_vcAup4FCdtLHZc,captured
L00142,2026-07-15,31547.86,CHAUDHRY-BEHL,WALLET,pay_iRlWw6vK5h6uNB,captured
L00163,2026-07-15,2281.15,"BORAH, SWAMY AND GERA",NETBANKING,pay_i9KeHAQBqx8P1R,captured
L00164,2026-07-15,3284.87,"BASAK, SABHARWAL AND BERA",CARD,pay_wN07fsvohd0FOq,captured
L00168,2026-07-15,29187.31,"DUGAR, MANDA AND ROY",NEFT,pay_v9dufL44n5tRtp,captured
L00192,2026-07-15,13277.95,CHOUDHARY-PRABHAKAR,IMPS,pay_sZILgVKVPH645k,captured
L00204,2026-07-15,5229.62,CHANDA-KANDA,IMPS,pay_LGywUjvC6pyhkd,captured
L00292,2026-07-15,2463.06,CHANDER-KAR,NETBANKING,pay_ECmrLnBzRCeILH,captured
L00073,2026-07-16,4888.1,DEY-NAGAR,CARD,pay_VBSgrSrFAKK6Ox,captured
L00179,2026-07-16,4240.11,CHAWLA GROUP,CARD,pay_XmP1ihkBJQLqui,captured
L00189,2026-07-16,2269.44,MANNE-BEN,NEFT,pay_1ft4pEt6TFh5tt,captured
L00217,2026-07-16,6738.63,SAMRA-RAMAN,NETBANKING,pay_5eVXo6KroVpSHR,captured
L00271,2026-07-16,594.01,"SINGH, SUBRAMANIAM AND DEO",IMPS,pay_ajXja5YNXlwxe1,captured
L00275,2026-07-16,1099.62,RANA AND SONS,UPI,pay_LspC4j1fmBoA0Y,captured
L00293,2026-07-16,2463.06,CHANDER-KAR,NETBANKING,pay_ECmrLnBzRCeILH,captured
L00299,2026-07-16,18842.32,"KRISHNAN, SARNA AND VARUGHESE",UPI,pay_Rqh27eGMzXEXAJ,captured
L00310,2026-07-16,1045.41,RANDHAWA PLC,CARD,pay_5kjkrmu2TYqSxV,captured
L00314,2026-07-16,36148.6,"SANKAR, GADE AND SUNDARAM",NETBANKING,pay_a7Gecg2iSUnbBN,captured
L00357,2026-07-16,4163.19,DATTA-SURI,UPI,pay_SelkUuXIEjZNg0,captured
L00425,2026-07-16,-12387.61,"PALLA, AMBLE AND DEWAN",CARD,pay_oa11PwfJqF7r33-RFD,refunded
L00445,2026-07-16,1476.92,BAJWA-HAYRE,UPI,pay_iyBBaJLQFclFRq,captured
L00071,2026-07-17,2069.65,BHALLA-GOEL,IMPS,pay_a6cngKGQHElLxv,captured
L00093,2026-07-17,9662.6,"CHAKRABORTY, LOYAL AND MITTAL",UPI,pay_8eWTkIPT0A7o9I,captured
L00105,2026-07-17,14656.6,"SHAN, MAND AND RANA",NEFT,pay_RpOpRWm702biQO,captured
L00146,2026-07-17,1077.99,KARI-GARG,CARD,pay_0qvehi1GIlW03R,captured
L00147,2026-07-17,1077.99,KARI-GARG,CARD,pay_0qvehi1GIlW03R,captured
L00183,2026-07-17,6191.63,OZA LTD,IMPS,pay_jC21XDpIRnuCLs,captured
L00210,2026-07-17,11904.26,MUNSHI LLC,NETBANKING,pay_WYah8wXz8xmHID,captured
L00239,2026-07-17,1355.23,"KOSHY, BHAT AND DHAR",IMPS,pay_kZJbQ4JQ5gTk2q,captured
L00240,2026-07-17,1355.23,"KOSHY, BHAT AND DHAR",IMPS,pay_kZJbQ4JQ5gTk2q,captured
L00242,2026-07-17,2926.72,ISSAC PLC,IMPS,pay_L2xWYXbTYd4sNF,captured
L00248,2026-07-17,9552.84,D’ALIA LTD,CARD,pay_0gsiwXN8TNcVcE,captured
L00288,2026-07-17,1288.58,NATH INC,IMPS,pay_JhiRLr3TPPBh74,captured
L00308,2026-07-17,1897.33,"SAWHNEY, CHAND AND THAKKAR",NETBANKING,pay_cfTBV3cjXjezcj,captured
L00401,2026-07-17,7292.45,CHAKRABARTI PLC,WALLET,pay_SCSez5u7DjO8Y9,captured
L00452,2026-07-17,5208.37,ANDRA-MORAR,UPI,pay_8JCEUwjmT3A8Qr,captured
L00024,2026-07-18,1563.28,KAPUR-CHEEMA,IMPS,pay_9KSqV80SJcOoWW,captured
L00029,2026-07-18,14986.04,"KALITA, CHAUDHURI AND SAMPATH",NEFT,pay_Tl15pPqhVYvw89,captured
L00156,2026-07-18,10866.14,LOKE-DALAL,UPI,pay_w7lp6HDsko5ta0,captured
L00202,2026-07-18,14718.41,BAWA AND SONS,CARD,pay_A4jjBkZGV1ObqQ,captured
L00244,2026-07-18,2906.98,"MANGAT, MODI AND KOHLI",NEFT,pay_ibB8iaYeTqI2Z6,captured
L00252,2026-07-18,6575.07,BOSE LTD,NETBANKING,pay_6KbH2gkUBVWOCM,captured
L00277,2026-07-18,88265.61,"KEER, DANI AND JHAVERI",UPI,pay_TQfOT3NlDMh76Z,captured
L00372,2026-07-18,4267.57,GOKHALE AND SONS,CARD,pay_hvYIPjwHIWj1tg,captured
L00400,2026-07-18,24526.37,BANERJEE LLC,CARD,pay_XMzViIpAiCedst,captured
L00414,2026-07-18,13497.48,"NARANG, BUCH AND TRIPATHI",UPI,pay_Xx6YgfoFJ6O6GD,captured
L00426,2026-07-18,1284.77,SAXENA-BAHRI,NETBANKING,pay_C7jdn4uuegr8Ab,captured
L00427,2026-07-18,1284.77,SAXENA-BAHRI,NETBANKING,pay_C7jdn4uuegr8Ab,captured
L00435,2026-07-18,1482.22,"ROY, DYAL AND DIXIT",IMPS,pay_IEti6tBlPaGao0,captured
L00077,2026-07-19,5158.66,"TANDON, BAINS AND REGE",NEFT,pay_MlhIBinRJtZhTx,captured
L00111,2026-07-19,14876.1,GOUR GROUP,CARD,pay_0Z1FGkUYf8v0v0,captured
L00139,2026-07-19,4302.05,"MUNI, PATLA AND VASA",UPI,pay_kJPKteVAFdFxk4,captured
L00176,2026-07-19,1157.37,MADAN INC,UPI,pay_35ZygIeK1qO15j,captured
L00255,2026-07-19,965.11,BORA AND SONS,IMPS,pay_8qbPkz7wagex8T,captured
L00312,2026-07-19,6892.3,BASSI INC,NETBANKING,pay_SGGCZFMPRWmbAF,captured
L00340,2026-07-19,3388.32,"VARUGHESE, BHARDWAJ AND SETH",CARD,pay_BSafOArPot0tl8,captured
L00341,2026-07-19,3388.32,"VARUGHESE, BHARDWAJ AND SETH",CARD,pay_BSafOArPot0tl8,captured
L00373,2026-07-19,9780.12,DUBEY PLC,IMPS,pay_3AD4aGu8oydQDz,captured
L00412,2026-07-19,36075.54,"NAGY, PRADHAN AND ANAND",UPI,pay_aQMe809Ffuugx3,captured
L00421,2026-07-19,1321.62,RAM LTD,NETBANKING,pay_nZ3ABNkHNrT3N6,captured
L00458,2026-07-19,10187.45,MOHAN-CHACKO,NEFT,pay_OpiANnp22PiU6L,captured
L00041,2026-07-20,9607.73,WALI PLC,CARD,pay_IkDd6M2Tct89Z9,captured
L00042,2026-07-20,12751.57,"DOSHI, BAKSHI AND BAL",WALLET,pay_Yoib1ZvGB0l4pz,captured
L00079,2026-07-20,33744.86,WADHWA-BHANDARI,UPI,pay_o7TEK5gIG7OfGb,captured
L00094,2026-07-20,6905.86,BAJWA-BAJAJ,CARD,pay_RjqibcjzQtp68M,captured
L00095,2026-07-20,6905.86,BAJWA-BAJAJ,CARD,pay_RjqibcjzQtp68M,captured
L00116,2026-07-20,14602.42,DAR-ANNE,UPI,pay_fh6PbnFnwGGGRD,captured
L00140,2026-07-20,4304.05,"MUNI, PATLA AND VASA",UPI,pay_kJPKteVAQYkqOr,captured
L00170,2026-07-20,2450.15,SETTY LLC,NETBANKING,pay_6yrbuTdkuMKm64,captured
L00171,2026-07-20,2450.15,SETTY LLC,NETBANKING,pay_6yrbuTdkuMKm64,captured
L00199,2026-07-20,26061.97,"BHALLA, CHOUDHURY AND BAIL",NEFT,pay_TLjpPqkJHVP3K6,captured
L00305,2026-07-20,2491.03,"CHOUDHURY, LUTHRA AND SANDAL",WALLET,pay_f7Oc2yxD0a1oAZ,captured
L00390,2026-07-20,5597.54,KEER GROUP,NEFT,pay_yEyo6COHC1TW0t,captured
L00413,2026-07-20,36074.04,"NAGY, PRADHAN AND ANAND",UPI,pay_aQMe809FOq00pw,captured
L00456,2026-07-20,36151.54,"MAHARAJ, SAVANT AND PANDYA",IMPS,pay_MWN78paDIKOCCw,captured
L00047,2026-07-21,6494.25,SHARMA GROUP,WALLET,pay_VWKYAA7PPcZg96,captured
L00050,2026-07-21,1336.79,PANDEY INC,NETBANKING,pay_5hxbDZM7cP4JN6,captured
L00067,2026-07-21,1078.63,KANNAN-KANT,CARD,pay_IDweLokzYdUz4V,captured
L00072,2026-07-21,6982.51,CHACKO-SHARAF,IMPS,pay_SEBoKSO1cx4Ye2,captured
L00080,2026-07-21,25125.0,"SAWHNEY, UPADHYAY AND SHETH",IMPS,pay_hvxm3IV4NUUhXy,captured
L00117,2026-07-21,14603.92,DAR-ANNE,UPI,pay_fh6PbnFnlIgmDW,captured
L00124,2026-07-21,1266.37,SUBRAMANIAN-SURI,NEFT,pay_2w83lD2rsEbXJw,captured
L00186,2026-07-21,1261.29,CHAUDHRY-CHAWLA,IMPS,pay_5XVx8JTv5EGDkn,captured
L00237,2026-07-21,5590.48,KHURANA-DHAR,UPI,pay_SJtQDve1UgMSAs,captured
L00245,2026-07-21,2453.84,AMBLE INC,NETBANKING,pay_Q8rgT25xVwGy7q,captured
L00263,2026-07-21,2097.76,NARULA-MANDER,IMPS,pay_evXEJZ1aTghkzi,captured
L00302,2026-07-21,4881.97,MANNE LLC,IMPS,pay_bIykvRr39DvNzN,captured
L00321,2026-07-21,3716.61,LAD-BASAK,NEFT,pay_c44yECm2D1kKxH,captured
L00407,2026-07-21,38796.1,"BALAN, SANI AND KALLA",NETBANKING,pay_FTCXEiF7mTCifJ,captured
L00408,2026-07-21,1512.11,"BALAN, SANI AND KALLA",IMPS,pay_7fycc0jHRhfEJQ,captured
L00010,2026-07-22,20087.34,KHANNA LTD,NETBANKING,pay_Xng0rAlGGAACRH,captured
L00012,2026-07-22,25460.5,NAYAR-AGRAWAL,NETBANKING,pay_hViOICSonuGGBJ,captured
L00048,2026-07-22,6494.25,SHARMA GROUP,WALLET,pay_VWKYAA7PPcZg96,captured
L00076,2026-07-22,4448.9,AHLUWALIA LLC,WALLET,pay_z9qqyRa3KkMou1,captured
L00082,2026-07-22,8919.12,IYER-MORAR,NEFT,pay_yjyL72sAGNPJdJ,captured
L00102,2026-07-22,1665.15,"YADAV, BARAD AND KEER",CARD,pay_N9Jdjz7v0mDB7F,captured
L00112,2026-07-22,3920.02,GERA-NARASIMHAN,CARD,pay_g8VVhCe9eqQems,captured
L00115,2026-07-22,249.64,"ATWAL, SEN AND CHADA",NETBANKING,pay_LhYMhnoXg4Vapg,captured
L00169,2026-07-22,6331.38,SWAMY-RAMANATHAN,UPI,pay_HTATIbBfTaHzRU,captured
L00233,2026-07-22,32036.51,"SOLANKI, KUNDA AND MANDER",NETBANKING,pay_27s85GRDo4s5u0,captured
L00343,2026-07-22,10599.61,ZACHARIAH-SANE,NEFT,pay_1B6D5q7b4DiLd1,captured
L00406,2026-07-22,12361.1,"BALAN, SANI AND KALLA",NEFT,pay_lNfa8RxTLoFuXy,captured
L00409,2026-07-22,5178.66,"BALAN, SANI AND KALLA",NEFT,pay_NaIir7jUwvwzqq,captured
L00442,2026-07-22,1349.71,DASH LLC,IMPS,pay_1EblbwAaWpGwOc,captured
L00443,2026-07-22,1349.71,DASH LLC,IMPS,pay_1EblbwAaWpGwOc,captured
L00006,2026-07-23,9233.08,DUGAL PLC,NETBANKING,pay_UsgFReOgaDsGJn,captured
L00016,2026-07-23,4031.14,PADMANABHAN PLC,CARD,pay_6u15mG6SCC7USq,captured
L00018,2026-07-23,3471.04,SRIDHAR LLC,UPI,pay_vbZ8q1WsnRo1E0,captured
L00040,2026-07-23,1102.61,PRAKASH-MINHAS,CARD,pay_uiqB872wcLsTse,captured
L00068,2026-07-23,6641.28,TAK-CHAWLA,NETBANKING,pay_QJDqIvawz6yR9Z,captured
L00100,2026-07-23,1984.16,"MANI, AHLUWALIA AND BUTALA",IMPS,pay_BWdnpbrIFoO1xO,captured
L00118,2026-07-23,10317.5,"PAL, SAMPATH AND PALLA",NETBANKING,pay_tlbRIYEZ1q1efe,captured
L00136,2026-07-23,3184.15,"LAD, BALAN AND MUNI",UPI,pay_EwX0j8rNot81hr,captured
L00160,2026-07-23,4819.67,KHARE-JOHAL,NEFT,pay_EUrRMBWTDPtcE2,captured
L00346,2026-07-23,450.67,ROY PLC,NEFT,pay_1TWWg123PCzT4N,captured
L00398,2026-07-23,8731.99,DHINGRA-MISTRY,CARD,pay_HF7a9mmndDu3Lw,captured
L00399,2026-07-23,56815.21,DHINGRA-MISTRY,CARD,pay_Lf8zz8YsBJ3v40,captured
L00056,2026-07-24,18546.8,YOHANNAN PLC,WALLET,pay_aOZSFrKf2JP7vf,captured
L00069,2026-07-24,5883.88,VASA-KHARE,WALLET,pay_mCfGvLBU3JX6g9,captured
L00088,2026-07-24,9605.21,KRISHNA LLC,CARD,pay_a3DVVis81BmiKV,captured
L00223,2026-07-24,2246.76,VASA INC,NEFT,pay_Pod7JEohIHZaiX,captured
L00375,2026-07-24,2242.92,"PATHAK, SRIDHAR AND SAHNI",CARD,pay_2G9OgoOCOexouX,captured
L00377,2026-07-24,2376.05,DHILLON LLC,IMPS,pay_Bg00QnxrxXm8en,captured
L00383,2026-07-24,515.81,"CHAR, BASAK AND NAGI",CARD,pay_AdIoag8Qh9c8UC,captured
L00404,2026-07-24,8169.45,KALITA LLC,NEFT,pay_6uMeXilsiN1RMz,captured
L00030,2026-07-25,-14986.04,"KALITA, CHAUDHURI AND SAMPATH",NEFT,pay_Tl15pPqhVYvw89-RFD,refunded
L00038,2026-07-25,4735.02,TIWARI GROUP,NETBANKING,pay_IPSBJqLbiZ6oDY,captured
L00215,2026-07-25,13750.14,"SHAH, WASON AND BIR",CARD,pay_46B0vcWtVcVOK6,captured
L00309,2026-07-25,2903.47,RAMESH GROUP,CARD,pay_t8AXcHyZWRQmv2,captured
L00317,2026-07-25,631.84,KRISHNAMURTHY-VIG,CARD,pay_S3vY6FyWystx4C,captured
L00213,2026-07-26,4695.08,NADIG-KARA,WALLET,pay_GumexihPk4TJFj,captured
L00249,2026-07-26,20997.11,BADAMI-BARAL,NETBANKING,pay_qxaV9A0vjH5AgE,captured
L00334,2026-07-26,20068.73,MITTAL GROUP,NEFT,pay_ZYbL15eJUmdeUx,captured
L00342,2026-07-26,10725.24,"DHAWAN, DUGAL AND WARRIOR",NETBANKING,pay_3G7FooKLYWV6HT,captured
L00075,2026-07-27,19710.24,"CHOKSHI, KONDA AND KARA",IMPS,pay_7Pi8uwSbvITH3A,captured
L00099,2026-07-27,3792.85,GILL LLC,NEFT,pay_248NzEzlaebzZc,captured
L00129,2026-07-27,8570.06,"SUNDER, REGE AND TRIPATHI",UPI,pay_f3Yc6vB2U3vQnb,captured
L00152,2026-07-27,4887.85,THAKUR-BRAR,UPI,pay_qTgiZZomNHHrXU,captured
L00187,2026-07-27,25773.78,DHAWAN LLC,NEFT,pay_ZVQXJGPdLdt4EG,captured
L00207,2026-07-27,23698.94,JOHAL-NAGAR,NEFT,pay_FlfKCUcPR7OI9J,captured
L00209,2026-07-27,5240.72,"CHOPRA, MANI AND BATH",NEFT,pay_sTjiSzTmIHZ9Aq,captured
L00212,2026-07-27,22862.07,BHARGAVA-TANK,NETBANKING,pay_JkJmv1H07z7M0i,captured
L00265,2026-07-27,4396.97,"PADMANABHAN, PANT AND SASTRY",IMPS,pay_ngRJ1xFMNZcYGh,captured
L00295,2026-07-27,11837.27,TATA-SINGH,WALLET,pay_JakQuH2Rmu2nIG,captured
L00306,2026-07-27,6093.62,"BALAY, KRISHNAN AND BORA",NEFT,pay_6yKELPvLt3WTUN,captured
L00376,2026-07-27,1083.7,SACHDEV PLC,CARD,pay_T3LTPiJH9FIgsd,captured
L00402,2026-07-27,2916.59,BHAT-RAO,IMPS,pay_3CDNiIRNvjrAxb,captured
L00415,2026-07-27,25789.51,IYENGAR-OM,WALLET,pay_dzI4n9ZQW7A2Pr,captured
L00037,2026-07-28,9675.81,SAMI PLC,UPI,pay_PYbolZtenA1h56,captured
L00043,2026-07-28,3395.88,BAWA PLC,UPI,pay_0YLY77k4O1aLaf,captured
L00064,2026-07-28,2393.75,"TANK, BARMAN AND NARULA",CARD,pay_bDP3Xp0fYnijIe,captured
L00205,2026-07-28,3372.49,JOHAL-NAGAR,NEFT,pay_DuoZLq2tz2IDet,captured
L00206,2026-07-28,2400.94,JOHAL-NAGAR,UPI,pay_fPMTgU84v3mQDd,captured
L00234,2026-07-28,6858.07,"NANDA, SWAMINATHAN AND KORPAL",CARD,pay_ke7JPFOotXyllY,captured
L00297,2026-07-28,12448.32,"BAL, CHAWLA AND VALA",WALLET,pay_7G0CsS0k9GZRsR,captured
L00319,2026-07-28,19249.23,RANA-PRABHAKAR,UPI,pay_9pEjLwiGORhXjE,captured
L00380,2026-07-28,2091.1,"SURESH, DUGAL AND ANAND",IMPS,pay_wi4wAhGOfCcbF7,captured
L00031,2026-07-29,2956.51,BAJWA LTD,NEFT,pay_sfnDY81h4BGg4W,captured
L00066,2026-07-29,15164.79,DHAR LLC,CARD,pay_8g9h7o5QL0G4oN,captured
L00225,2026-07-29,18656.54,"ARORA, SRIDHAR AND AGARWAL",CARD,pay_FfAlhTnUrfwtTi,captured
L00246,2026-07-29,2138.58,GOLE INC,NEFT,pay_gY2IGPTETP3MBK,captured
L00284,2026-07-29,12754.81,GHOSH LTD,WALLET,pay_RBej6qDovRAx0f,captured
L00285,2026-07-29,2606.56,BASSI-KOTHARI,CARD,pay_ZDW2yTyw71y0zv,captured
L00448,2026-07-29,26322.79,DHALIWAL-VENKATARAMAN,UPI,pay_mbXzo7mEYvNivQ,captured
L00011,2026-07-30,10898.27,"KAUR, SEHGAL AND BHAT",CARD,pay_s03YVbAisMXB3S,captured
L00078,2026-07-30,4659.11,DHILLON-WALLA,NEFT,pay_jcweicxBMPQ7Lv,captured
L00103,2026-07-30,5296.18,SIDHU AND SONS,NETBANKING,pay_AOoTyNl0Pd5AXt,captured
L00109,2026-07-30,72821.52,"PARMAR, KALE AND PAU",CARD,pay_qpMM43RKrPmwLA,captured
L00113,2026-07-30,7562.72,"MURTHY, CHAR AND KARA",UPI,pay_UCKoQvdqLACLSL,captured
L00250,2026-07-30,467.89,REDDY LLC,CARD,pay_tOjtWPOnxOySnS,captured
L00258,2026-07-30,12826.6,"BAIL, WASON AND SACHDEVA",NEFT,pay_ZxE7aCwyJdZm6U,captured
L00296,2026-07-30,6151.41,"SURESH, BAWA AND RAJAGOPAL",UPI,pay_7XgOFgMpdvTcf3,captured
L00354,2026-07-30,2400.36,"BHALLA, SHAN AND HEGDE",NETBANKING,pay_1XnXzVROGyZ9Vn,captured
L00389,2026-07-30,2002.74,ARORA-AHLUWALIA,WALLET,pay_ylKgSHShOYngDV,initiated
L00455,2026-07-30,42088.97,ANNE-PATHAK,NEFT,pay_eze4zPC8N3xu3c,captured
L00008,2026-07-31,8021.39,TIWARI AND SONS,NEFT,pay_J1n7EwpfLrx0C0,captured
L00027,2026-07-31,3037.36,"KALITA, WADHWA AND RAJA",CARD,pay_HNjEae7BiTUKag,captured
L00087,2026-07-31,4148.22,"SEKHON, BAJAJ AND NORI",UPI,pay_9qPZfL90M78ZNj,captured
L00110,2026-07-31,3296.21,AGRAWAL-LAL,IMPS,pay_4rsFfRttNSZaFk,captured
L00114,2026-07-31,7564.72,"MURTHY, CHAR AND KARA",UPI,pay_UCKoQvdqEn73jk,captured
L00158,2026-07-31,10216.6,"PANDYA, SACHDEV AND EDWIN",NEFT,pay_jzENmNklZUDPm1,captured
L00184,2026-07-31,2027.13,VERMA-NARAYANAN,NEFT,pay_lGo8JUpTKW26PR,captured
L00194,2026-07-31,16393.09,"SHETH, BADAMI AND MADAN",IMPS,pay_PiBZhqhkqldU01,captured
L00224,2026-07-31,13115.5,CHAUDHARI-BASAK,UPI,pay_JebtnYqE8HLS4U,captured
L00230,2026-07-31,814.2,SUNDARAM-ANNE,NEFT,pay_lth0yV9RaLpp6t,captured
L00251,2026-07-31,467.89,REDDY LLC,CARD,pay_tOjtWPOnxOySnS,captured
L00327,2026-07-31,31500.38,SAMI GROUP,NEFT,pay_b41KzxMsTNKfva,captured
L00328,2026-07-31,3404.38,KIBE GROUP,NETBANKING,pay_dLznFDx59bGdJp,captured
L00339,2026-07-31,2567.31,KIBE-DASGUPTA,CARD,pay_2qaZefHtwkUr1L,captured
L00393,2026-07-31,21206.01,BANIK INC,CARD,pay_LDkTWA1vIWXUQC,captured
L00439,2026-07-31,3353.03,CHANA-DUTT,WALLET,pay_1XnbldSkXSrNLY,captured
L00447,2026-07-31,1035.75,"SUNDARAM, SANKAR AND KHOSLA",UPI,pay_fKI7t7ItbEmwXl,captured
L00004,2026-08-01,8037.43,GOYAL-VARMA,CARD,pay_TiZa9xRtpTX9he,captured
L00017,2026-08-01,3477.17,"SUNDARAM, LOYAL AND SASTRY",NEFT,pay_6swOuNVnpSjzkd,captured
L00058,2026-08-01,355.43,CHAUDHURI-CHOUDHRY,WALLET,pay_2Jha1vba6BMS4X,captured
L00089,2026-08-01,16567.95,PILLAY GROUP,WALLET,pay_xTyMJYF0ODvMmk,captured
L00104,2026-08-01,-5296.18,SIDHU AND SONS,NETBANKING,pay_AOoTyNl0Pd5AXt-RFD,refunded
L00122,2026-08-01,1862.68,"SAMRA, KAUR AND SETTY",NETBANKING,pay_kSu3bx04GjCzwN,captured
L00135,2026-08-01,2173.46,CHAUDHARI LTD,IMPS,pay_Xv4syT3GoSqobn,captured
L00155,2026-08-01,1208.81,PADMANABHAN LLC,NEFT,pay_hibPvFXjKwFakS,captured
L00190,2026-08-01,5693.52,TAILOR INC,UPI,pay_c2W60qwsfWdAXt,captured
L00253,2026-08-01,4315.27,MUNI PLC,CARD,pay_pksu8KaGetUwge,captured
L00254,2026-08-01,4315.27,MUNI PLC,CARD,pay_pksu8KaGetUwge,captured
L00355,2026-08-01,4583.06,SETHI-RAMAN,NEFT,pay_ZRebPf8OGhZ54w,captured
L00363,2026-08-01,65299.52,RAJAN-GILL,UPI,pay_igMejuRHDrRVhS,captured
L00367,2026-08-01,13134.3,MUKHOPADHYAY AND SONS,IMPS,pay_iuAMFVwUM9AaFb,captured
L00420,2026-08-01,7663.28,LALLA PLC,CARD,pay_HFwQWHZNB1bzqY,captured
L00430,2026-08-01,2253.14,GOLE GROUP,IMPS,pay_wQ2KvMuNrNUA3h,captured
L00055,2026-08-02,526.64,IYENGAR-GARDE,WALLET,pay_y6QfWA1q3a3KJN,captured
L00083,2026-08-02,1527.25,LOYAL-JAYARAMAN,NETBANKING,pay_2KGsO05TCaFjpN,captured
L00130,2026-08-02,1211.96,BHARGAVA-PAREKH,UPI,pay_yUo0eJWELHx4gp,captured
L00281,2026-08-02,6037.47,"KARI, CHAUDHRY AND DOCTOR",IMPS,pay_IbvQ2icTvEZ9BJ,captured
L00098,2026-08-03,2349.19,"DATTA, DYAL AND CHAND",CARD,pay_0lqBLWDxdY1ybR,captured
L00131,2026-08-03,1209.96,BHARGAVA-PAREKH,UPI,pay_yUo0eJWExHEgA7,captured
L00243,2026-08-03,16014.6,NARAIN LTD,UPI,pay_UiZrYjwgY7nqxk,captured
L00274,2026-08-03,7637.25,ATWAL AND SONS,NEFT,pay_9FLPCsnfOoWmNn,captured
L00286,2026-08-03,987.2,NAYAR-PILLAY,UPI,pay_yWh1MwVzOukQII,captured
L00365,2026-08-03,2349.37,SACHAR GROUP,NEFT,pay_DUWG9VucEg3eu0,captured
L00366,2026-08-03,5143.94,JOHAL INC,WALLET,pay_FmLfO287OcxBXj,captured
L00386,2026-08-03,2381.87,PALL-GARA,NEFT,pay_p3uCyuVFMKv3JB,captured
L00387,2026-08-03,2472.27,PALL-GARA,UPI,pay_VWktj2NeyMiEEl,captured
L00388,2026-08-03,7736.71,PALL-GARA,CARD,pay_KsiyfMzp5qMbM6,captured
L00021,2026-08-04,2649.78,PUROHIT GROUP,CARD,pay_adPnJeCtekPjtD,captured
L00022,2026-08-04,3872.72,PUROHIT GROUP,CARD,pay_Mwg7F2UtykSTll,captured
L00062,2026-08-04,1127.26,SANDAL-GOUR,CARD,pay_4g1fSFX3oF1omY,captured
L00090,2026-08-04,9721.31,BERA-MUTTI,NETBANKING,pay_LFfRe7NhQYB1DQ,captured
L00148,2026-08-04,684.42,BIR-KOTHARI,UPI,pay_fV53roBFovUWU8,captured
L00159,2026-08-04,3365.04,BAJAJ-CHAUDHRY,IMPS,pay_JG2msjdUKDOC6k,captured
L00177,2026-08-04,23176.9,KANDA-DADA,IMPS,pay_Ju9asbbaljXSns,captured
L00280,2026-08-04,22643.4,DUGAR-ROY,UPI,pay_pEVkTur9x8401r,captured
L00287,2026-08-04,985.7,NAYAR-PILLAY,UPI,pay_yWh1MwVzVP8z1Y,captured
L00294,2026-08-04,2783.76,"NARASIMHAN, LAD AND SEHGAL",UPI,pay_PLON676RRMTmAi,captured
L00338,2026-08-04,5653.91,BAWA-RAJAGOPAL,WALLET,pay_rYwtpw2nxJSxD0,captured
L00449,2026-08-04,3849.35,SANDAL-SAINI,WALLET,pay_eeJCFPiy4Uputf,captured
L00149,2026-08-05,686.42,BIR-KOTHARI,UPI,pay_fV53roBFA7QdWU,captured
L00151,2026-08-05,7587.66,LAL-VYAS,NEFT,pay_odWm7SMp6AjsRy,captured
L00195,2026-08-05,-16393.09,"SHETH, BADAMI AND MADAN",IMPS,pay_PiBZhqhkqldU01-RFD,refunded
L00279,2026-08-05,20498.18,YADAV LLC,CARD,pay_doCkjqnvdNbETV,captured
L00290,2026-08-05,32487.68,SINHA-MORAR,NEFT,pay_97cCRQC9bHRf1K,captured
L00350,2026-08-05,2050.49,MODI LTD,CARD,pay_jyTJICuFEOoAYi,captured
L00410,2026-08-05,15579.62,SETH-SHETTY,IMPS,pay_3P5kElJUaJqjaA,captured
L00418,2026-08-05,12162.3,"GABA, MANGAT AND KAR",IMPS,pay_nvVtX2yHzqpPH5,captured
L00432,2026-08-05,1215.21,SEN-TIWARI,NETBANKING,pay_CMEeqnmnT9wj9U,captured
L00044,2026-08-06,8937.77,DAYAL-JOHAL,WALLET,pay_eErG8mvmuncBNG,captured
L00057,2026-08-06,10465.32,RAU-DESHMUKH,WALLET,pay_p4HVW7QbdBnzMd,captured
L00070,2026-08-06,474.66,MAJUMDAR LTD,NETBANKING,pay_rYXi9XJO280w1X,captured
L00157,2026-08-06,777.97,PARSA AND SONS,NEFT,pay_TqJb5OC3Gc1ckR,captured
L00181,2026-08-06,32552.11,HALDER LLC,WALLET,pay_5317LpX2W1ycQa,captured
L00208,2026-08-06,2155.69,REGE-SEKHON,WALLET,pay_IdEdEffVpkFqjX,captured
L00270,2026-08-06,2958.11,"THAKKAR, RAJAGOPALAN AND WABLE",WALLET,pay_ABMOCqK2db3lhY,captured
L00298,2026-08-06,3522.33,PARSA-DORA,UPI,pay_VEetVM1lcMEtAF,captured
L00405,2026-08-06,11146.06,CHOWDHURY-KALE,WALLET,pay_DiLlP2mwkW6VKz,captured
L00431,2026-08-06,36649.74,MITTER-SAMI,CARD,pay_2mSse3gUcI7o2M,captured
L00446,2026-08-06,8431.12,PATLA-RANA,UPI,pay_OLPdWPYEb7QAXb,captured
L00009,2026-08-07,17310.21,NAYAR INC,NETBANKING,pay_H3p9zB9c2itVRH,captured
L00060,2026-08-07,5710.77,BHASIN-MOHANTY,UPI,pay_65cWhB3COYTF9D,captured
L00106,2026-08-07,907.34,BHATT-VOHRA,NETBANKING,pay_u0He3ceiJL4Bny,captured
L00336,2026-08-07,5084.43,BAINS-DHAR,NEFT,pay_mRxgDjsTA8HneG,captured
L00061,2026-08-08,5712.27,BHASIN-MOHANTY,UPI,pay_65cWhB3CF0UXDR,captured
L00143,2026-08-08,3029.15,AGRAWAL-CHAD,IMPS,pay_2ieKKCGLhPQsgA,captured
L00261,2026-08-08,3091.46,LUTHRA-GARA,NETBANKING,pay_tdrO44SJ8X80lp,captured
L00264,2026-08-08,11147.79,SARNA AND SONS,WALLET,pay_MGGTlx1Gbfh0WP,captured
L00272,2026-08-08,14300.44,"HANS, BHARDWAJ AND GOPAL",UPI,pay_XvRbQdgY3GRmPT,captured
L00283,2026-08-08,2239.31,"DUTTA, NADIG AND HANDA",NEFT,pay_1IZwk3MeDrQtyB,captured
L00303,2026-08-08,6330.87,DIXIT AND SONS,WALLET,pay_kBXRpKVufKA81q,captured
L00304,2026-08-08,11235.82,WASON INC,CARD,pay_SI2UCASK7kf804,captured
L00428,2026-08-08,4535.44,MITRA AND SONS,UPI,pay_r2ARfVYaWTaB8l,captured
L00101,2026-08-09,3379.99,"SULE, SRINIVASAN AND CHAWLA",NEFT,pay_gcGiKVO48Ppkl7,captured
L00166,2026-08-09,9359.1,ZACHARIA-OZA,IMPS,pay_XCUNELYOAdNYq5,captured
L00185,2026-08-09,5068.59,"KANT, DESAI AND BASAK",NETBANKING,pay_6fW4qiHiswBZpS,captured
L00196,2026-08-09,4143.39,MISHRA-VARTY,NETBANKING,pay_dn3LjMFbrqqrmf,captured
L00201,2026-08-09,4839.2,NARULA-BATH,WALLET,pay_zymja7DWh8YInT,captured
L00241,2026-08-09,249.0,NANDA AND SONS,CARD,pay_cXyhxIPO0IYa52,captured
L00268,2026-08-09,1248.41,CHATTERJEE-WALI,UPI,pay_dx3AyQ0RBs8D9t,captured
L00329,2026-08-09,89727.29,RAU-SONI,UPI,pay_YeUFu7expUJW0u,captured
L00331,2026-08-09,2785.18,"DARA, DESHPANDE AND KAPADIA",WALLET,pay_PIwMJU9pmUMZpE,captured
L00359,2026-08-09,52583.04,SANT-RATTAN,WALLET,pay_gVfi7loUobvPn2,captured
L00419,2026-08-09,9704.07,"VENKATARAMAN, PANDEY AND MITTER",WALLET,pay_RWmJiXoSNAtAN2,captured
L00429,2026-08-09,4533.94,MITRA AND SONS,UPI,pay_r2ARfVYahKkZxv,captured
L00019,2026-08-10,9325.37,GANESAN LLC,CARD,pay_Z8GCg6vo0t6AeA,captured
L00026,2026-08-10,16506.49,KOTHARI LLC,NEFT,pay_2nkgI4IDAyzK2A,captured
L00051,2026-08-10,9575.92,"GREWAL, DEOL AND DEVI",WALLET,pay_14sNcn0c57dcZI,captured
L00123,2026-08-10,3459.96,DAVE LLC,NETBANKING,pay_Be2hgQJJKQSmww,captured
L00144,2026-08-10,-3029.15,AGRAWAL-CHAD,IMPS,pay_2ieKKCGLhPQsgA-RFD,refunded
L00153,2026-08-10,59713.22,SRIVASTAVA-KAPOOR,IMPS,pay_Pd3IlPaNlDi9vI,captured
L00219,2026-08-10,4253.25,DASH PLC,CARD,pay_0WHc9bcaUwznkX,captured
L00220,2026-08-10,2480.49,DASH PLC,IMPS,pay_DqyTy4xdMVjLoj,captured
L00221,2026-08-10,16612.47,DASH PLC,IMPS,pay_xShhD0F4zNWIQ7,captured
L00222,2026-08-10,3831.72,DASH PLC,IMPS,pay_1yaSP0DKH6Eypo,captured
L00256,2026-08-10,4804.43,VARUGHESE-DASH,UPI,pay_GUYtiZUl3dvsvh,captured
L00316,2026-08-10,13541.74,CHAUDHRY LTD,NETBANKING,pay_FjTro5AA5WTqZZ,captured
L00330,2026-08-10,3146.73,"ANDRA, WADHWA AND BORRA",NETBANKING,pay_eSymNwZFYGvxzq,captured
L00332,2026-08-10,9343.21,BHALLA-SUR,IMPS,pay_lQJxvIJjown10w,captured
L00333,2026-08-10,9343.21,BHALLA-SUR,IMPS,pay_lQJxvIJjown10w,captured
L00358,2026-08-10,9468.54,VYAS-HARI,CARD,pay_vSbrk6qwKYPBQG,captured
L00002,2026-08-11,12983.01,"RAMAKRISHNAN, RAGHAVAN AND NAGI",UPI,pay_2K77r9rfap6vgy,captured
L00013,2026-08-11,3655.7,GANGULY-VARUGHESE,UPI,pay_8f0Dy7uITozeQt,captured
L00091,2026-08-11,5255.75,PRADHAN-TANK,NEFT,pay_timB6Yq21HmEat,captured
L00128,2026-08-11,7402.69,GANESH LTD,WALLET,pay_iQ4C9yRmWPlAF4,captured
L00132,2026-08-11,1564.22,"CHOPRA, DESHPANDE AND PERI",NEFT,pay_fQiBlRakd2psuM,captured
L00238,2026-08-11,7132.9,BARAD-SOOD,IMPS,pay_9pKH2FQiEX8VDG,captured
L00257,2026-08-11,4806.43,VARUGHESE-DASH,UPI,pay_GUYtiZUlrjYjFJ,captured
L00315,2026-08-11,2046.94,CHAUDHRY LTD,WALLET,pay_Va1OrKY3lK3XSn,captured
L00395,2026-08-11,3674.77,CHEEMA AND SONS,NETBANKING,pay_GWEdld0TlPbVqN,captured
L00417,2026-08-11,1670.66,TATA PLC,CARD,pay_u2duqiSMv8Yxac,captured
L00003,2026-08-12,12984.51,"RAMAKRISHNAN, RAGHAVAN AND NAGI",UPI,pay_2K77r9rfQlzDWm,captured
L00014,2026-08-12,7352.24,PAREKH-RAMESH,IMPS,pay_BR7d1yTqhbeBXG,captured
L00025,2026-08-12,4106.32,"SEKHON, SACHDEVA AND SAMA",IMPS,pay_Gii4mdEmy0dxig,captured
L00174,2026-08-12,31392.34,ACHARYA INC,NETBANKING,pay_USp3NglOO4AfXc,captured
L00175,2026-08-12,31392.34,ACHARYA INC,NETBANKING,pay_USp3NglOO4AfXc,captured
L00052,2026-08-13,1557.29,"BORA, DUBE AND BOSE",UPI,pay_sF0k4ga4M6lVxL,captured
L00063,2026-08-13,5801.95,DAYAL-BADAMI,IMPS,pay_HcvDVhx2T7SaLJ,captured
L00231,2026-08-13,1879.56,GULATI-BAIL,WALLET,pay_uOBMyAognLy03u,captured
L00278,2026-08-13,3158.77,"BORRA, SABHARWAL AND SINGH",WALLET,pay_rvJjnsMdpyLEmr,captured
L00392,2026-08-13,3665.67,SAHOTA-NORI,WALLET,pay_MyxpQHo1lVSQjy,captured
L00444,2026-08-13,1338.73,LALLA-SAMRA,NEFT,pay_mo6nLRIrRbulb6,captured
L00032,2026-08-14,14180.91,"SANGHVI, JAYARAMAN AND KRISHNAN",CARD,pay_chyU2yHiKSVImJ,captured
L00033,2026-08-14,14180.91,"SANGHVI, JAYARAMAN AND KRISHNAN",CARD,pay_chyU2yHiKSVImJ,captured
L00039,2026-08-14,26870.4,"CHOUDHURY, SUNDARAM AND KAPADIA",UPI,pay_hDcpJJ4ibiibwO,captured
L00053,2026-08-14,2316.08,"PRAKASH, CHAUDHURI AND BAL",WALLET,pay_20ohrWTGQ3mMvY,captured
L00247,2026-08-14,2368.37,"SWAMINATHAN, BOSE AND PAU",CARD,pay_CamtSWyBw4vDZX,captured
L00273,2026-08-14,2448.07,"TIWARI, DEVI AND DESAI",CARD,pay_v5QI8KaIm81pdG,captured
L00291,2026-08-14,1456.22,"KOSHY, VIRK AND NAZARETH",NETBANKING,pay_dpJPKK9a4Oe1kO,captured
L00313,2026-08-14,23191.07,"PAI, BRAHMBHATT AND BRAHMBHATT",IMPS,pay_OMyN6g0jfTAhmx,captured
L00035,2026-08-15,1246.4,"SANGHA, SUR AND KALLA",NETBANKING,pay_ZiqwVoZ1mXBCGm,captured
L00167,2026-08-15,1599.14,DAS-KRISHNA,NETBANKING,pay_UzqScEOgLSOdpu,captured
L00260,2026-08-15,4380.7,"MITTAL, MALLICK AND DAYAL",UPI,pay_s7NbLGxN767YiR,captured
L00262,2026-08-15,-3091.46,LUTHRA-GARA,NETBANKING,pay_tdrO44SJ8X80lp-RFD,refunded
L00438,2026-08-15,465.35,KAUL-RATTI,NETBANKING,pay_F6pc48WAxcnvrE,captured
L00453,2026-08-15,1350.32,"DHAWAN, KASHYAP AND SARKAR",CARD,pay_Ip5TZvfTxqneVK,captured
L00034,2026-08-16,809.97,"SANGHA, SUR AND KALLA",NEFT,pay_w1QpQUo11cw7pt,captured
