stmt_id,date,amount,reference_number,narration,type
S00040,2026-07-01,59015.32,pay_eIdZdyzKHvzSDk,UPI/pay_eIdZdyzKHvzSDk/BANERJEEANDSONS/PAYMENT,CREDIT
S00074,2026-07-01,10395.83,pay_61oivFtv8bKfXW,IMPS/pay_61oivFtv8bKfXW/PRADHANLTD,CREDIT
S00079,2026-07-01,4192.43,pay_Hlt0h92N9RIBJR,RAZORPAY SETTLEMENT/pay_Hlt0h92N9RIBJR/DORAINC,CREDIT
S00191,2026-07-01,1999.87,pay_JJll5Kk43ESLVJ,RAZORPAY SETTLEMENT/pay_JJll5Kk43ESLVJ/SAINI-GALA,CREDIT
S00215,2026-07-01,35222.91,pay_CAF3JcXsvD7WAh,"UPI/pay_CAF3JcXsvD7WAh/KAPOOR,MITRAANDKUL/PAYMENT",CREDIT
S00241,2026-07-01,40163.15,pay_kRT2uzdEq7LHjk,RAZORPAY SETTLEMENT/pay_kRT2uzdEq7LHjk/SAHNIGROUP,CREDIT
S00340,2026-07-01,11076.2,pay_G0poOcorQ0q6GR,"RAZORPAY SETTLEMENT/pay_G0poOcorQ0q6GR/BRAHMBHATT,RAMACHA",CREDIT
S00398,2026-07-01,4159.78,pay_NMvKgtfZ1FkQQK,"MERCHANT CR pay_NMvKgtfZ1FkQQK AMBLE,RAMASWAMYAND CARD",CREDIT
S00013,2026-07-02,4591.43,pay_C28h6kMA3Txs1n,MERCHANT CR pay_C28h6kMA3Txs1n WALIINC NEFT,CREDIT
S00143,2026-07-02,3696.33,pay_Zw6TTRIMugCllC,NEFT-KKBK-pay_Zw6TTRIMugCllC-SHERELLC,CREDIT
S00184,2026-07-02,5582.9,pay_MikSiujYLvGUkn,UPI/pay_MikSiujYLvGUkn/LALLA-BALI/PAYMENT,CREDIT
S00192,2026-07-02,21302.95,pay_LCnDEXRD45mtVs,NEFT-HDFC-pay_LCnDEXRD45mtVs-SODHI-KASHYAP,CREDIT
S00032,2026-07-03,4053.14,pay_ZJuk6LemEsB3FR,RAZORPAY SETTLEMENT/pay_ZJuk6LemEsB3FR/DUBE-MALLICK,CREDIT
S00080,2026-07-03,10140.58,pay_wZTQ3HBMbof5Xa,"RAZORPAY SETTLEMENT/pay_wZTQ3HBMbof5Xa/RAO,MUKHERJEEANDME",CREDIT
S00138,2026-07-03,14779.95,pay_7KM82mXh6O9caG,NEFT-YESB-pay_7KM82mXh6O9caG-SUBRAMANIAM-RAMAKR,CREDIT
S00172,2026-07-03,1560.44,pay_gZdItYy8MY56mO,RAZORPAY SETTLEMENT/pay_gZdItYy8MY56mO/GOURLLC,CREDIT
S00230,2026-07-03,24287.73,pay_1PR9OBFYKAoy0v,"IMPS/pay_1PR9OBFYKAoy0v/MURTY,MINHASANDGOE",CREDIT
S00303,2026-07-03,10805.71,setl_dw8Nq36uvr4B3g,RAZORPAY PAYOUT setl_dw8Nq36uvr4B3g PART 1 OF 2 KAPURLLC,DEBIT
S00313,2026-07-03,120228.24,pay_FvnhoewzQuZ7f1,UPI/pay_FvnhoewzQuZ7f1/HAYREPLC/PAYMENT,CREDIT
S00331,2026-07-03,5037.16,pay_M30s9uPTjUHFQ3,UPI/pay_M30s9uPTjUHFQ3/KALITA-BAINS/PAYMENT,CREDIT
S00373,2026-07-03,3283.53,pay_Bt3PB9F3a0smzq,RAZORPAY SETTLEMENT/pay_Bt3PB9F3a0smzq/SHERE-DAS,CREDIT
S00017,2026-07-04,13035.6,pay_4Nfp3bcex7x2tP,"IMPS/pay_4Nfp3bcex7x2tP/GABA,PANDITANDSETH",CREDIT
S00055,2026-07-04,8308.77,pay_QDSYxNWr2NOKrv,IMPS/pay_QDSYxNWr2NOKrv/MANIPLC,CREDIT
S00070,2026-07-04,20265.46,pay_UZQLl7aWtgMh92,UPI/pay_UZQLl7aWtgMh92/MORAR-TANDON/PAYMENT,CREDIT
S00123,2026-07-04,616.49,pay_lrrtn3S20oEwF0,"NEFT-YESB-pay_lrrtn3S20oEwF0-CHANA,OAKANDLALL",CREDIT
S00146,2026-07-04,7657.22,pay_bajcwaVGEYxKEU,NEFT-ICIC-pay_bajcwaVGEYxKEU-RAVELLTD,CREDIT
S00257,2026-07-04,6681.59,pay_96IoZ6CQvRvwAn,IMPS/pay_96IoZ6CQvRvwAn/SODHIANDSONS,CREDIT
S00304,2026-07-04,15198.78,setl_MOXZGfeoHEFu6m,RAZORPAY PAYOUT setl_MOXZGfeoHEFu6m PART 2 OF 2 KAPURLLC,DEBIT
S00357,2026-07-04,6444.08,pay_k0rT5JjJXcW7Fs,NEFT-KKBK-pay_k0rT5JjJXcW7Fs-MEMONLTD,CREDIT
S00019,2026-07-05,-2368.17,chg_QtzIpf2bCRy2jr,BANK CHARGES chg_QtzIpf2bCRy2jr MONTHLY MAINTENANCE,DEBIT
S00023,2026-07-05,15032.38,pay_TNiUXgeaa1pvUS,"RAZORPAY SETTLEMENT/pay_TNiUXgeaa1pvUS/BEDI,DUGARANDSARKA",CREDIT
S00054,2026-07-05,4017.75,pay_Pw6d2mjC1IAAYz,NEFT-YESB-pay_Pw6d2mjC1IAAYz-TRIVEDIINC,CREDIT
S00088,2026-07-05,15839.33,pay_XJQrWoQ9dKXNwG,"IMPS/pay_XJQrWoQ9dKXNwG/SAINI,KUMERANDPAND",CREDIT
S00131,2026-07-05,1485.13,pay_hb9L8ExCInr5C4,"MERCHANT CR pay_hb9L8ExCInr5C4 KHALSA,WAGLEANDMAN WALLET",CREDIT
S00278,2026-07-05,6178.6,pay_WpRAah72GebFn6,"NEFT-ICIC-pay_WpRAah72GebFn6-BAHRI,CHANDANDMALL",CREDIT
S00307,2026-07-05,10055.43,setl_1azePx3rXBawWF,RAZORPAY SETTLEMENT setl_1azePx3rXBawWF BATCH OF 3 RANGANATHANPLC,CREDIT
S00353,2026-07-05,17518.48,pay_6IsXmPVG5JuD1c,UPI/pay_6IsXmPVG5JuD1c/DESAI-SHANKAR/PAYMENT,CREDIT
S00014,2026-07-06,7775.96,pay_FdcRA8pBa0sQtC,RAZORPAY SETTLEMENT/pay_FdcRA8pBa0sQtC/SANGHVI-RAMAKRISHN,CREDIT
S00024,2026-07-06,10814.7,pay_ymcyQFun6rIMbs,MERCHANT CR pay_ymcyQFun6rIMbs RANA-NATARAJAN IMPS,CREDIT
S00077,2026-07-06,4402.89,pay_Bs7XQHLxF3yVkU,RAZORPAY SETTLEMENT/pay_Bs7XQHLxF3yVkU/KUNDA-MUNI,CREDIT
S00089,2026-07-06,5424.24,pay_FWvcwDR5NmzroD,"IMPS/pay_FWvcwDR5NmzroD/CHAUDRY,GOKHALEAND",CREDIT
S00090,2026-07-06,14898.9,pay_Eqlxn3Kl6PfZ01,IMPS/pay_Eqlxn3Kl6PfZ01/SABHARWALPLC,CREDIT
S00126,2026-07-06,3576.9,pay_yxFb3MwLk2y3Jd,IMPS/pay_yxFb3MwLk2y3Jd/SAMAGROUP,CREDIT
S00150,2026-07-06,3312.73,pay_8saBGwzEsz3B7s,"UPI/pay_8saBGwzEsz3B7s/HANS,BHARDWAJANDZA/PAYMENT",CREDIT
S00185,2026-07-06,6128.29,pay_6J2sW3ht8F3sZ1,NEFT-SBIN-pay_6J2sW3ht8F3sZ1-UPPALGROUP,CREDIT
S00216,2026-07-06,4986.87,pay_zsjDnE0Z5eSyfj,NEFT-ICIC-pay_zsjDnE0Z5eSyfj-BADALINC,CREDIT
S00238,2026-07-06,3360.72,pay_9ZiW5FG1EAbCkx,"UPI/pay_9ZiW5FG1EAbCkx/MUTTI,CHANDRAANDBH/PAYMENT",CREDIT
S00260,2026-07-06,19002.99,pay_u08DaU4xXKCM5k,UPI/pay_u08DaU4xXKCM5k/KUMER-ARORA/PAYMENT,CREDIT
S00277,2026-07-06,4230.19,pay_M006OfY,"RAZORPAY SETTLEMENT/pay_M006OfY/GOLLA,SUBRAMANIANA",CREDIT
S00318,2026-07-06,25183.69,setl_cQAyTVGR30wEzy,RAZORPAY PAYOUT setl_cQAyTVGR30wEzy PART 1 OF 2 PANDYALTD,DEBIT
S00336,2026-07-06,1770.86,pay_ATxmU0wmKSV4WJ,"UPI/pay_ATxmU0wmKSV4WJ/RAJU,SHANKERANDAGA/PAYMENT",CREDIT
S00390,2026-07-06,4066.16,pay_CQPR521TjnU0rM,IMPS/pay_CQPR521TjnU0rM/KRISHGROUP,CREDIT
S00021,2026-07-07,10376.68,pay_V456N793Zr6iuP,UPI/pay_V456N793Zr6iuP/TIWARI-SARAN/PAYMENT,CREDIT
S00226,2026-07-07,14067.31,pay_YHVB0Fl6Vbp8kD,MERCHANT CR pay_YHVB0Fl6Vbp8kD IYENGARGROUP NETBANKING,CREDIT
S00234,2026-07-07,9998.46,pay_nK0wvg9DpVSYnB,MERCHANT CR pay_nK0wvg9DpVSYnB RAU-LANKA IMPS,CREDIT
S00242,2026-07-07,4031.99,pay_AeSHIwaJaQqSeL,NEFT-HDFC-pay_AeSHIwaJaQqSeL-RAJANANDSONS,CREDIT
S00319,2026-07-07,25922.18,setl_A6pIb7W5WiyeT3,RAZORPAY PAYOUT setl_A6pIb7W5WiyeT3 PART 2 OF 2 PANDYALTD,DEBIT
S00379,2026-07-07,1338.0,pay_AmbXCI60ofg4zO,NEFT-YESB-pay_AmbXCI60ofg4zO-TIWARIINC,CREDIT
S00387,2026-07-07,10147.15,pay_iluSZA5YyXywVN,RAZORPAY SETTLEMENT/pay_iluSZA5YyXywVN/LATALLC,CREDIT
S00018,2026-07-08,5859.42,pay_vJ0JbcGbD51Hkk,IMPS/pay_vJ0JbcGbD51Hkk/PADMANABHAN-KUMAR,CREDIT
S00111,2026-07-08,2849.75,pay_2XPYQEGpvlsdS1,"RAZORPAY SETTLEMENT/pay_2XPYQEGpvlsdS1/BALAY,BASSIANDREDD",CREDIT
S00122,2026-07-08,1664.84,pay_3QbCvpAMv2RX6I,"UPI/pay_3QbCvpAMv2RX6I/UPPAL,MUKHERJEEAND/PAYMENT",CREDIT
S00142,2026-07-08,-2334.19,chg_s2sj7YsSqrX0tV,BANK CHARGES chg_s2sj7YsSqrX0tV MONTHLY MAINTENANCE,DEBIT
S00169,2026-07-08,8098.05,pay_idVMZ7IpqRud04,"RAZORPAY SETTLEMENT/pay_idVMZ7IpqRud04/CHOPRA,BARALANDVAR",CREDIT
S00180,2026-07-08,1911.54,pay_7SGEYee6L83S4r,"MERCHANT CR pay_7SGEYee6L83S4r TELLA,SETHIANDCHAN IMPS",CREDIT
S00286,2026-07-08,9589.64,pay_gzSerDpipAzRJY,RAZORPAY SETTLEMENT/pay_gzSerDpipAzRJY/LALLA-MANI,CREDIT
S00328,2026-07-08,3949.86,pay_iACCvPoFZe6omW,IMPS/pay_iACCvPoFZe6omW/NAZARETHLLC,CREDIT
S00355,2026-07-08,15741.96,pay_T4NXfoMYvrlmh0,IMPS/pay_T4NXfoMYvrlmh0/MANDALINC,CREDIT
S00378,2026-07-08,880.0,pay_FmDRaTbMjiocL6,"NEFT-SBIN-pay_FmDRaTbMjiocL6-SHANKAR,KEERANDNAR",CREDIT
S00389,2026-07-08,13160.16,pay_mPfBhpIfBCkODm,"RAZORPAY SETTLEMENT/pay_mPfBhpIfBCkODm/MANE,DIXITANDBHAGA",CREDIT
S00002,2026-07-09,2382.91,pay_SDaYyHhgT8sUhj,NEFT-YESB-pay_SDaYyHhgT8sUhj-AGARWALLLC,CREDIT
S00028,2026-07-09,3932.49,pay_zNqd82DBjkbNoW,"IMPS/pay_zNqd82DBjkbNoW/SARIN,LOKEANDNAGY",CREDIT
S00063,2026-07-09,4727.79,pay_VPAzLtDIVjAysp,"RAZORPAY SETTLEMENT/pay_VPAzLtDIVjAysp/CHANA,TATAANDBORA",CREDIT
S00081,2026-07-09,5541.56,pay_O9zzoJ0joWLh0i,IMPS/pay_O9zzoJ0joWLh0i/THAKKAR-AGRAWAL,CREDIT
S00086,2026-07-09,23225.19,setl_J5FRB7lOCK8qPH,RAZORPAY SETTLEMENT setl_J5FRB7lOCK8qPH BATCH OF 4 TANK-CHANDRA,CREDIT
S00202,2026-07-09,4051.69,pay_PFSrhnjn5jDbfL,NEFT-KKBK-pay_PFSrhnjn5jDbfL-WASONLTD,CREDIT
S00212,2026-07-09,5423.58,pay_IiFcDeKmjjl3UR,"MERCHANT CR pay_IiFcDeKmjjl3UR SHANKER,SHAANDAHUJ CARD",CREDIT
S00282,2026-07-09,3003.42,pay_2RzSY0IvuvMDto,NEFT-YESB-pay_2RzSY0IvuvMDto-LOKELLC,CREDIT
S00366,2026-07-09,25391.81,pay_fS0GgKmpy0V89C,MERCHANT CR pay_fS0GgKmpy0V89C KATA-SESHADRI IMPS,CREDIT
S00374,2026-07-09,9060.01,pay_lJBMwfxDQi6O5g,UPI/pay_lJBMwfxDQi6O5g/SEKHON-NARAYANAN/PAYMENT,CREDIT
S00399,2026-07-09,7583.21,pay_lkzY1dEuMwpe6I,UPI/pay_lkzY1dEuMwpe6I/MANDAANDSONS/PAYMENT,CREDIT
S00004,2026-07-10,7377.95,pay_o3XvQfykP1670h,NEFT-HDFC-pay_o3XvQfykP1670h-TOOR-BAHRI,CREDIT
S00033,2026-07-10,12042.85,setl_hgF8xlRCZ4cSpM,"RAZORPAY SETTLEMENT setl_hgF8xlRCZ4cSpM BATCH OF 3 SINHA,DATTAAND",CREDIT
S00097,2026-07-10,6523.73,pay_ZUXqakkNziTqSq,"MERCHANT CR pay_ZUXqakkNziTqSq APTE,GARAANDDHILLO WALLET",CREDIT
S00186,2026-07-10,13513.98,pay_FVM9JWS7EmYf2p,MERCHANT CR pay_FVM9JWS7EmYf2p BUMBLLC NETBANKING,CREDIT
S00250,2026-07-10,13085.35,pay_1gY7buFGGMHJsX,NEFT-AXIS-pay_1gY7buFGGMHJsX-RAVELPLC,CREDIT
S00253,2026-07-10,3102.37,pay_BJqmCyuEpSGRCO,"IMPS/pay_BJqmCyuEpSGRCO/SANGHVI,KADAKIAAND",CREDIT
S00272,2026-07-10,5121.28,pay_BW6CPGC2yjoalL,"MERCHANT CR pay_BW6CPGC2yjoalL REDDY,GREWALANDOM CARD",CREDIT
S00297,2026-07-10,1914.28,pay_nBCN6vpnvjNnRj,"UPI/pay_nBCN6vpnvjNnRj/IYENGAR,MISTRYANDG/PAYMENT",CREDIT
S00349,2026-07-10,8577.25,pay_1oE83N6xsYlh8T,NEFT-KKBK-pay_1oE83N6xsYlh8T-ZACHARIA-SANGHA,CREDIT
S00407,2026-07-10,16030.8,pay_yxsWHBGaYDDpvz,MERCHANT CR pay_yxsWHBGaYDDpvz SEM-PALLA CARD,CREDIT
S00020,2026-07-11,1867.64,pay_ADGhLzfw0U4qOl,"RAZORPAY SETTLEMENT/pay_ADGhLzfw0U4qOl/MUNI,BORAHANDNAIDU",CREDIT
S00031,2026-07-11,5583.3,pay_OvjQJVOWlaLVvN,NEFT-SBIN-pay_OvjQJVOWlaLVvN-OAK-SAINI,CREDIT
S00053,2026-07-11,8288.27,pay_oHGpd92FUDnuIR,RAZORPAY SETTLEMENT/pay_oHGpd92FUDnuIR/BARAD-BERA,CREDIT
S00082,2026-07-11,4554.25,pay_oGJJR8Tfa9Qo1Y,"IMPS/pay_oGJJR8Tfa9Qo1Y/DAVE,BARADANDRAJAN",CREDIT
S00091,2026-07-11,12188.14,pay_X4LCTCRSzV2PrP,"MERCHANT CR pay_X4LCTCRSzV2PrP PANCHAL,PATLAANDMU IMPS",CREDIT
S00093,2026-07-11,4085.5,pay_f5hm4yveYZBsGV,UPI/pay_f5hm4yveYZBsGV/TAILORLLC/PAYMENT,CREDIT
S00127,2026-07-11,1347.53,pay_cdgggBtHDqVkkQ,"MERCHANT CR pay_cdgggBtHDqVkkQ PAREKH,KARANDGUPTA WALLET",CREDIT
S00157,2026-07-11,479.79,pay_ELdaT5JvgSRs0W,IMPS/pay_ELdaT5JvgSRs0W/BHALLA-SHARMA,CREDIT
S00273,2026-07-11,3608.15,pay_SDepF4TAjp4ior,"UPI/pay_SDepF4TAjp4ior/KADAKIA,RAMAANDKRI/PAYMENT",CREDIT
S00295,2026-07-11,29566.83,pay_bpcF468lK3WAUm,MERCHANT CR pay_bpcF468lK3WAUm MAHARAJINC NETBANKING,CREDIT
S00321,2026-07-11,1925.93,pay_CcJGUbpzKZ7zqJ,"RAZORPAY SETTLEMENT/pay_CcJGUbpzKZ7zqJ/DANI,KUMERANDNAYAR",CREDIT
S00096,2026-07-12,1853.62,pay_DLA05ANUlwxNCW,"UPI/pay_DLA05ANUlwxNCW/DESAI,GARGANDNAYAR/PAYMENT",CREDIT
S00114,2026-07-12,23271.13,pay_ijBNAREPqgQC34,"NEFT-YESB-pay_ijBNAREPqgQC34-SURESH,MUKHOPADHYA",CREDIT
S00124,2026-07-12,-616.49,pay_lrrtn3S20oEwF0,"REVERSAL/pay_lrrtn3S20oEwF0/CHANA,OAKANDLALL/REFUND",DEBIT
S00148,2026-07-12,5318.36,pay_4kOyytd99IKlHU,"IMPS/pay_4kOyytd99IKlHU/PATLA,MODIANDMORAR",CREDIT
S00243,2026-07-12,4185.33,pay_Bfr6I42tzoWHuy,NEFT-KKBK-pay_Bfr6I42tzoWHuy-BAWA-OM,CREDIT
S00284,2026-07-12,3776.47,pay_wKUJFZUggPnFpt,"MERCHANT CR pay_wKUJFZUggPnFpt DHALIWAL,SINGHANDD NEFT",CREDIT
S00351,2026-07-12,2822.48,pay_vOhS1tMqlZKjka,IMPS/pay_vOhS1tMqlZKjka/YADAVLLC,CREDIT
S00380,2026-07-12,1126.82,pay_N0Eml5kPYQl5yU,MERCHANT CR pay_N0Eml5kPYQl5yU AGGARWAL-GHOSE CARD,CREDIT
S00130,2026-07-13,11954.55,pay_HqyGo9yqeySvF0,"MERCHANT CR pay_HqyGo9yqeySvF0 PRADHAN,KURIANANDS NEFT",CREDIT
S00132,2026-07-13,2103.1,pay_Ts0kSCF,UPI/pay_Ts0kSCF/NATARAJANGROUP/PAYMENT,CREDIT
S00166,2026-07-13,4385.47,pay_QY2KsOf3RJmEJ7,IMPS/pay_QY2KsOf3RJmEJ7/MOHAN-BAJAJ,CREDIT
S00182,2026-07-13,5995.98,pay_MqOJIp8wHLK1zo,"MERCHANT CR pay_MqOJIp8wHLK1zo BUCH,SHETTYANDSETH UPI",CREDIT
S00235,2026-07-13,6154.98,pay_4Gf5XsNyooYw6E,RAZORPAY SETTLEMENT/pay_4Gf5XsNyooYw6E/SONI-MANE,CREDIT
S00239,2026-07-13,6749.12,pay_Ao2DfxaoZgvC6o,"UPI/pay_Ao2DfxaoZgvC6o/KOTHARI,HANDAANDSA/PAYMENT",CREDIT
S00256,2026-07-13,2928.17,pay_zADtuMuKvr6g4Z,MERCHANT CR pay_zADtuMuKvr6g4Z WASONLTD UPI,CREDIT
S00310,2026-07-13,9174.27,setl_Obea7QgXJvM6wu,RAZORPAY SETTLEMENT setl_Obea7QgXJvM6wu BATCH OF 4 KOSHY-BAHL,CREDIT
S00359,2026-07-13,2908.35,pay_eu2C8IK7WQ0WOv,"IMPS/pay_eu2C8IK7WQ0WOv/BIR,VALAANDNARANG",CREDIT
S00391,2026-07-13,5097.62,pay_judQQHv7Gws7SN,MERCHANT CR pay_judQQHv7Gws7SN GANESANGROUP CARD,CREDIT
S00001,2026-07-14,5248.69,pay_7siBp3eur2cRsb,"MERCHANT CR pay_7siBp3eur2cRsb CHHABRA,DATTAANDDH UPI",CREDIT
S00119,2026-07-14,5531.82,pay_jsiqmOPzl9L2iJ,"RAZORPAY SETTLEMENT/pay_jsiqmOPzl9L2iJ/SOM,MANGATANDBAWA",CREDIT
S00129,2026-07-14,1014.31,pay_NnvRvgjYNiHVlS,RAZORPAY SETTLEMENT/pay_NnvRvgjYNiHVlS/RASTOGILTD,CREDIT
S00137,2026-07-14,14999.56,pay_Q5HiYZspjqZfDd,UPI/pay_Q5HiYZspjqZfDd/MALL-BAHL/PAYMENT,CREDIT
S00187,2026-07-14,6929.52,pay_ock9UaI0t0cy1d,MERCHANT CR pay_ock9UaI0t0cy1d MITTERINC IMPS,CREDIT
S00214,2026-07-14,4126.64,pay_37EKetR0ReE9Oc,UPI/pay_37EKetR0ReE9Oc/SUNDARAMLLC/PAYMENT,CREDIT
S00217,2026-07-14,8058.02,pay_GDKc72W0hEKnkx,NEFT-YESB-pay_GDKc72W0hEKnkx-KEERLLC,CREDIT
S00309,2026-07-14,4611.66,pay_eI64PkBMAeOUwe,NEFT-AXIS-pay_eI64PkBMAeOUwe-GANGULY-YADAV,CREDIT
S00364,2026-07-14,539.6,pay_Uwb4at928y5NrQ,UPI/pay_Uwb4at928y5NrQ/RANGANATHAN-UPADHY/PAYMENT,CREDIT
S00016,2026-07-15,7618.23,pay_dhQFGHWdfjxwii,MERCHANT CR pay_dhQFGHWdfjxwii GOSWAMI-DASH IMPS,CREDIT
S00095,2026-07-15,18900.88,pay_sVOqYBCBxfhtGH,IMPS/pay_sVOqYBCBxfhtGH/DEWANLTD,CREDIT
S00133,2026-07-15,4292.52,fuT5zaluh,"UPI/fuT5zaluh/NARAYANAN,ZACHARIA/PAYMENT",CREDIT
S00134,2026-07-15,35026.6,pay_QFeROWedix2aNT,IMPS/pay_QFeROWedix2aNT/RAJALTD,CREDIT
S00135,2026-07-15,1355.46,pay_FleaUJcQxu3Cmy,RAZORPAY SETTLEMENT/pay_FleaUJcQxu3Cmy/WADHWA-CHAUDRY,CREDIT
S00145,2026-07-15,4824.97,pay_EZ7D3nKXr1aXCb,RAZORPAY SETTLEMENT/pay_EZ7D3nKXr1aXCb/TANK-ROY,CREDIT
S00167,2026-07-15,3779.82,pay_7ZjJdTNVFaTAav,"RAZORPAY SETTLEMENT/pay_7ZjJdTNVFaTAav/MISHRA,CHEEMAANDMA",CREDIT
S00200,2026-07-15,1223.46,pay_l7LxeDnmRH9L9m,UPI/pay_l7LxeDnmRH9L9m/KHARE-BHANDARI/PAYMENT,CREDIT
S00247,2026-07-15,1387.48,pay_gEdzYbtX0bxkwW,RAZORPAY SETTLEMENT/pay_gEdzYbtX0bxkwW/THAKKAR-DHAWAN,CREDIT
S00268,2026-07-15,6480.23,pay_xDILA0oM5spYfQ,IMPS/pay_xDILA0oM5spYfQ/PALPLC,CREDIT
S00298,2026-07-15,-1914.28,pay_nBCN6vpnvjNnRj,"REVERSAL/pay_nBCN6vpnvjNnRj/IYENGAR,MISTRYAN/REFUND",DEBIT
S00329,2026-07-15,2635.5,pay_pe42NwIrbF5KKk,IMPS/pay_pe42NwIrbF5KKk/SAMPATHLTD,CREDIT
S00363,2026-07-15,28096.52,pay_67TnjTs2hTcQeA,UPI/pay_67TnjTs2hTcQeA/KEERLTD/PAYMENT,CREDIT
S00045,2026-07-16,2916.87,pay_X1ALQjDMCE6b9e,UPI/pay_X1ALQjDMCE6b9e/BAJAJ-DUGAL/PAYMENT,CREDIT
S00062,2026-07-16,20658.68,QXF5kpeiap,"NEFT-YESB-QXF5kpeiap-SETHI,SHAHANDBUCH",CREDIT
S00106,2026-07-16,1878.41,pay_kaNmIBNsgiqXdK,RAZORPAY SETTLEMENT/pay_kaNmIBNsgiqXdK/PALANDSONS,CREDIT
S00136,2026-07-16,2185.46,pay_3VZ9BWLOS2xqz0,MERCHANT CR pay_3VZ9BWLOS2xqz0 CHOUDHRYGROUP NETBANKING,CREDIT
S00156,2026-07-16,23837.5,pay_bqt0g9KhPHdNiZ,"RAZORPAY SETTLEMENT/pay_bqt0g9KhPHdNiZ/GOLA,PRAKASHANDATW",CREDIT
S00181,2026-07-16,1215.54,pay_vbMV11brdYONmk,"IMPS/pay_vbMV11brdYONmk/BORDE,NAGARANDJAIN",CREDIT
S00240,2026-07-16,1826.75,pay_so0kuLJzWs8cHX,"NEFT-KKBK-pay_so0kuLJzWs8cHX-APTE,WARRIORANDSAM",CREDIT
S00255,2026-07-16,28625.05,pay_emngEDGaJSGIXA,"UPI/pay_emngEDGaJSGIXA/MANGAL,VORAANDRAMA/PAYMENT",CREDIT
S00258,2026-07-16,2469.35,pay_AiE6WtsnOagYjb,"IMPS/pay_AiE6WtsnOagYjb/SAMPATH,KRISHNANAN",CREDIT
S00317,2026-07-16,4056.35,pay_nys9rIq6F7ERRc,"NEFT-YESB-pay_nys9rIq6F7ERRc-CHAUDHARI,SETHIAND",CREDIT
S00342,2026-07-16,21828.02,pay_g5U7Ll9mAcyjHp,"IMPS/pay_g5U7Ll9mAcyjHp/RAMA,CHAKRABORTYAN",CREDIT
S00367,2026-07-16,9085.43,pay_3AAaTkz6RrKstJ,RAZORPAY SETTLEMENT/pay_3AAaTkz6RrKstJ/PALGROUP,CREDIT
S00039,2026-07-17,13709.59,pay_vYdzxZ2hvmfGTS,"NEFT-YESB-pay_vYdzxZ2hvmfGTS-VORA,KOSHYANDRANA",CREDIT
S00098,2026-07-17,-6523.73,pay_ZUXqakkNziTqSq,"REVERSAL/pay_ZUXqakkNziTqSq/APTE,GARAANDDHIL/REFUND",DEBIT
S00198,2026-07-17,1604.76,pay_awxj5S0Z5lqDte,MERCHANT CR pay_awxj5S0Z5lqDte BHATIA-KAKAR NEFT,CREDIT
S00244,2026-07-17,8382.77,pay_6Ujx6G10CSk3by,"NEFT-SBIN-pay_6Ujx6G10CSk3by-CHAR,HEGDEANDRAI",CREDIT
S00267,2026-07-17,25527.71,pay_gvckfryvJsRRlo,NEFT-YESB-pay_gvckfryvJsRRlo-BHATNAGARLLC,CREDIT
S00279,2026-07-17,6109.01,pay_21UfxAPOlweD3G,MERCHANT CR pay_21UfxAPOlweD3G PANDITINC CARD,CREDIT
S00290,2026-07-17,4004.4,pay_xx8HQXg5Z4by8L,"MERCHANT CR pay_xx8HQXg5Z4by8L YADAV,PALLAANDKANN WALLET",CREDIT
S00316,2026-07-17,3019.01,pay_jFbAKYgg9PgZwx,"MERCHANT CR pay_jFbAKYgg9PgZwx PALL,EDWINANDGOLA WALLET",CREDIT
S00348,2026-07-17,3490.84,pay_8CcCD20eetN8JD,"RAZORPAY SETTLEMENT/pay_8CcCD20eetN8JD/SWAMY,CHOPRAANDMIS",CREDIT
S00027,2026-07-18,5367.05,pay_PNe1g5iJi36JN3,UPI/pay_PNe1g5iJi36JN3/SANGHVI-NARASIMHAN/PAYMENT,CREDIT
S00047,2026-07-18,11316.87,pay_ZMVqk05Bs2T5Bj,MERCHANT CR pay_ZMVqk05Bs2T5Bj DAVE-SAXENA UPI,CREDIT
S00085,2026-07-18,6511.22,pay_mEsoOsGeg39nWP,IMPS/pay_mEsoOsGeg39nWP/HALDERLTD,CREDIT
S00105,2026-07-18,1635.65,pay_ThIiVg8xwHFeoe,IMPS/pay_ThIiVg8xwHFeoe/GOPALPLC,CREDIT
S00245,2026-07-18,12460.63,pay_GTQI99OlzCoPY1,NEFT-YESB-pay_GTQI99OlzCoPY1-TALWAR-KANNAN,CREDIT
S00246,2026-07-18,6859.6,pay_6tqCmaShHB8KZC,IMPS/pay_6tqCmaShHB8KZC/KOSHY-KAKAR,CREDIT
S00299,2026-07-18,1475.21,pay_BUaoMHWULMMWhA,RAZORPAY SETTLEMENT/pay_BUaoMHWULMMWhA/KUMERLLC,CREDIT
S00369,2026-07-18,26079.74,pay_sMXgDlQF3WIn7W,MERCHANT CR pay_sMXgDlQF3WIn7W DANIGROUP WALLET,CREDIT
S00402,2026-07-18,27698.92,pay_JLRsoVKWU9arCg,IMPS/pay_JLRsoVKWU9arCg/BORRAINC,CREDIT
S00222,2026-07-19,60329.2,3j94i7L27GA,"IMPS/3j94i7L27GA/SEKHON,SANKARANDBA",CREDIT
S00223,2026-07-19,5509.37,pay_wAdLHfuk0cXPqS,"UPI/pay_wAdLHfuk0cXPqS/CHAWLA,SAXENAANDCH/PAYMENT",CREDIT
S00227,2026-07-19,28652.96,pay_xyezFbF7VvGDMn,"MERCHANT CR pay_xyezFbF7VvGDMn MUKHOPADHYAY,KADAK NETBANKING",CREDIT
S00311,2026-07-19,23601.48,pay_vvChQGX2l5jcOo,RAZORPAY SETTLEMENT/pay_vvChQGX2l5jcOo/SARKARANDSONS,CREDIT
S00396,2026-07-19,4332.29,pay_oZbL3gwRW6mzSW,RAZORPAY SETTLEMENT/pay_oZbL3gwRW6mzSW/WARRIOR-TAILOR,CREDIT
S00041,2026-07-20,38067.71,pay_8Lr4FrEgUmcvPG,"MERCHANT CR pay_8Lr4FrEgUmcvPG SOOD,CHOKSHIANDLAD UPI",CREDIT
S00069,2026-07-20,3539.89,pay_5UiPvReI2R1rwZ,RAZORPAY SETTLEMENT/pay_5UiPvReI2R1rwZ/DHAWANPLC,CREDIT
S00092,2026-07-20,22928.76,pay_eKC9PldVcS5tVm,IMPS/pay_eKC9PldVcS5tVm/AGATELLC,CREDIT
S00104,2026-07-20,20517.16,pay_Dh37eXtGbQbZYP,MERCHANT CR pay_Dh37eXtGbQbZYP TRIPATHILTD WALLET,CREDIT
S00110,2026-07-20,4612.55,pay_8lgJ1gtiHYqSiQ,RAZORPAY SETTLEMENT/pay_8lgJ1gtiHYqSiQ/VALA-MENON,CREDIT
S00201,2026-07-20,992.24,pay_Nc7TCEmdZ0h9zf,MERCHANT CR pay_Nc7TCEmdZ0h9zf DEWANGROUP UPI,CREDIT
S00274,2026-07-20,4941.18,pay_GHDygW4CVxOWFP,UPI/pay_GHDygW4CVxOWFP/NANDA-BARMAN/PAYMENT,CREDIT
S00352,2026-07-20,6957.73,pay_lTBQvE30XYuIlp,UPI/pay_lTBQvE30XYuIlp/SAHNI-BAIL/PAYMENT,CREDIT
S00029,2026-07-21,8127.12,pay_hYCi3sAeOrb9nQ,"IMPS/pay_hYCi3sAeOrb9nQ/GARA,NARULAANDWAGL",CREDIT
S00065,2026-07-21,2672.68,pay_Yy3jSNADnl4JqC,RAZORPAY SETTLEMENT/pay_Yy3jSNADnl4JqC/MITAL-VENKATARAMAN,CREDIT
S00103,2026-07-21,5372.43,pay_74tN4hJAHdSuaE,UPI/pay_74tN4hJAHdSuaE/HANSINC/PAYMENT,CREDIT
S00113,2026-07-21,14172.65,pay_cBCecb8UqeZIhE,"NEFT-YESB-pay_cBCecb8UqeZIhE-SIBAL,KALAANDYADAV",CREDIT
S00173,2026-07-21,8222.07,pay_sW4gKK9NIQ0VsR,IMPS/pay_sW4gKK9NIQ0VsR/TELLAANDSONS,CREDIT
S00213,2026-07-21,5266.18,pay_QuNRMDSDOCJDzh,MERCHANT CR pay_QuNRMDSDOCJDzh CHAWLAPLC WALLET,CREDIT
S00232,2026-07-21,3650.92,pay_ZUvUAMV1hi5saA,"RAZORPAY SETTLEMENT/pay_ZUvUAMV1hi5saA/SINHA,SETHIANDKUMA",CREDIT
S00248,2026-07-21,1558.07,pay_P8SpNBjIWovoGI,"NEFT-AXIS-pay_P8SpNBjIWovoGI-DUBEY,JHAANDNARAYA",CREDIT
S00293,2026-07-21,69909.81,pay_fBZQ10j1Ht74jQ,NEFT-YESB-pay_fBZQ10j1Ht74jQ-DEY-PRABHAKAR,CREDIT
S00322,2026-07-21,5940.87,pay_meK2a3u0J9CgSG,"NEFT-YESB-pay_meK2a3u0J9CgSG-BALASUBRAMANIAN,BO",CREDIT
S00015,2026-07-22,2333.03,pay_VHRi4YwfAw6fpa,IMPS/pay_VHRi4YwfAw6fpa/KALLALLC,CREDIT
S00049,2026-07-22,1075.22,pay_7lbdUcWU5uJSsS,MERCHANT CR pay_7lbdUcWU5uJSsS MISRAANDSONS WALLET,CREDIT
S00252,2026-07-22,1869.73,pay_OY7bga8FQcBb6m,"IMPS/pay_OY7bga8FQcBb6m/SHETH,BHALLAANDBAL",CREDIT
S00345,2026-07-22,1478.88,pay_AtHsP8XHmXEksv,NEFT-HDFC-pay_AtHsP8XHmXEksv-MUNSHI-KHANNA,CREDIT
S00365,2026-07-22,2091.29,pay_BsinUdrdJeqvut,MERCHANT CR pay_BsinUdrdJeqvut DASGUPTA-KHANNA WALLET,CREDIT
S00147,2026-07-23,5181.23,pay_RXaSBu4KdfWd2,"UPI/pay_RXaSBu4KdfWd2/TOOR,DAVEANDSUR/PAYMENT",CREDIT
S00151,2026-07-23,2043.91,pay_3GhtLfCw1GBBvP,"UPI/pay_3GhtLfCw1GBBvP/RAU,RATTANANDSHAN/PAYMENT",CREDIT
S00168,2026-07-23,20714.99,pay_4W7GbuzG7G3S5i,"RAZORPAY SETTLEMENT/pay_4W7GbuzG7G3S5i/BHARDWAJ,CHOUDHRYA",CREDIT
S00288,2026-07-23,14592.35,pay_SAVdwmhHKYjW8t,MERCHANT CR pay_SAVdwmhHKYjW8t SANIANDSONS CARD,CREDIT
S00291,2026-07-23,1220.87,pay_tmhT2A2Yiv1CJR,"IMPS/pay_tmhT2A2Yiv1CJR/BABU,MORARANDKIBE",CREDIT
S00306,2026-07-23,1263.36,pay_shnQ8RZWmNnaWg,"RAZORPAY SETTLEMENT/pay_shnQ8RZWmNnaWg/PATHAK,KARANDSURES",CREDIT
S00314,2026-07-23,28716.86,pay_oXBMTRWZYl2Lij,NEFT-HDFC-pay_oXBMTRWZYl2Lij-MITRA-RATTA,CREDIT
S00383,2026-07-23,9589.19,pay_nupfOgoCFkgQ14,IMPS/pay_nupfOgoCFkgQ14/RANA-DAR,CREDIT
S00406,2026-07-23,6642.46,pay_TnkFg3IMsCQU3i,"RAZORPAY SETTLEMENT/pay_TnkFg3IMsCQU3i/BARAL,SANKARANDSET",CREDIT
S00009,2026-07-24,15002.96,setl_6PbGkgqvaTKMXc,"RAZORPAY PAYOUT setl_6PbGkgqvaTKMXc PART 1 OF 2 BATRA,GANGULYA",DEBIT
S00115,2026-07-24,44915.51,pay_e6LNevAbQfrY3u,MERCHANT CR pay_e6LNevAbQfrY3u WALIAINC IMPS,CREDIT
S00117,2026-07-24,42333.68,pay_i2qrvqFNpOQD8I,"RAZORPAY SETTLEMENT/pay_i2qrvqFNpOQD8I/SAMPATH,CHARANDIYE",CREDIT
S00179,2026-07-24,4204.75,pay_qCiMtlRAfpkR7N,"IMPS/pay_qCiMtlRAfpkR7N/JAIN,ANNEANDMITTAL",CREDIT
S00254,2026-07-24,4688.09,pay_GA5c2pmQYSwBGY,"NEFT-KKBK-pay_GA5c2pmQYSwBGY-RAJAGOPALAN,SURAND",CREDIT
S00292,2026-07-24,2845.55,pay_Ob084FgpgE3c1E,"IMPS/pay_Ob084FgpgE3c1E/RAJAGOPALAN,KRISHN",CREDIT
S00388,2026-07-24,3432.9,pay_FGsbd9K5RkK7vn,IMPS/pay_FGsbd9K5RkK7vn/SRIVASTAVAANDSONS,CREDIT
S00392,2026-07-24,13960.52,pay_tnVEytblmIqJIm,MERCHANT CR pay_tnVEytblmIqJIm NAYARLTD WALLET,CREDIT
S00395,2026-07-24,8174.74,pay_S53scrGbGGQZc3,MERCHANT CR pay_S53scrGbGGQZc3 SANKARAN-SOOD CARD,CREDIT
S00409,2026-07-24,251.57,pay_LHGvw1aka4yydy,"RAZORPAY SETTLEMENT/pay_LHGvw1aka4yydy/MANI,PALLAANDCOMAR",CREDIT
S00010,2026-07-25,12890.32,setl_GsnZ6tDXkYTdfk,"RAZORPAY PAYOUT setl_GsnZ6tDXkYTdfk PART 2 OF 2 BATRA,GANGULYA",DEBIT
S00011,2026-07-25,4115.86,pay_qTBzgTGSk6DHpF,MERCHANT CR pay_qTBzgTGSk6DHpF WASON-MANN WALLET,CREDIT
S00037,2026-07-25,4785.27,pay_dhNNZqZVSuEY9k,RAZORPAY SETTLEMENT/pay_dhNNZqZVSuEY9k/TATAANDSONS,CREDIT
S00038,2026-07-25,22871.3,pay_ZK63V8283afGvN,UPI/pay_ZK63V8283afGvN/CHOUDHURYANDSONS/PAYMENT,CREDIT
S00052,2026-07-25,18545.75,pay_mJEMs9F,MERCHANT CR pay_mJEMs9F BHATTIGROUP IMPS,CREDIT
S00057,2026-07-25,1654.52,pay_mNcnpSfg8681mp,UPI/pay_mNcnpSfg8681mp/KAUR-KULKARNI/PAYMENT,CREDIT
S00060,2026-07-25,5638.71,pay_k4ImbCRWIIiO7K,"IMPS/pay_k4ImbCRWIIiO7K/LUTHRA,KONDAANDRAM",CREDIT
S00140,2026-07-25,23988.88,pay_qTLnStb1XR43aO,UPI/pay_qTLnStb1XR43aO/KHURANAINC/PAYMENT,CREDIT
S00170,2026-07-25,3352.07,pay_6wISASi7Gelpn0,"MERCHANT CR pay_6wISASi7Gelpn0 WALI,SEKHONANDTHAK CARD",CREDIT
S00259,2026-07-25,3699.12,pay_6hiIICGSwzQ4sY,IMPS/pay_6hiIICGSwzQ4sY/SARMAGROUP,CREDIT
S00264,2026-07-25,5758.48,pay_4Mv2e2HHZdGH7T,RAZORPAY SETTLEMENT/pay_4Mv2e2HHZdGH7T/SINGHLLC,CREDIT
S00280,2026-07-25,15662.22,setl_Japt0bDy5Q0mOW,RAZORPAY SETTLEMENT setl_Japt0bDy5Q0mOW BATCH OF 2 DANIGROUP,CREDIT
S00287,2026-07-25,899.29,pay_USAk74o8ktmAtg,RAZORPAY SETTLEMENT/pay_USAk74o8ktmAtg/UPPALINC,CREDIT
S00308,2026-07-25,4750.02,pay_L81eCkzqxSNtcD,NEFT-SBIN-pay_L81eCkzqxSNtcD-KANNANANDSONS,CREDIT
S00335,2026-07-25,471.29,pay_Fo5SOU9eqLE6H7,"UPI/pay_Fo5SOU9eqLE6H7/PATLA,SWAMYANDNADI/PAYMENT",CREDIT
S00036,2026-07-26,3229.19,pay_NBWgLckryZb78l,MERCHANT CR pay_NBWgLckryZb78l SIBALGROUP NETBANKING,CREDIT
S00061,2026-07-26,16290.57,pay_3WkdpCbjF4IJEO,MERCHANT CR pay_3WkdpCbjF4IJEO NAZARETHINC WALLET,CREDIT
S00125,2026-07-26,7870.61,pay_TnyAJaWKVjGnRd,"IMPS/pay_TnyAJaWKVjGnRd/PINGLE,NAZARETHAND",CREDIT
S00149,2026-07-26,55064.93,pay_9MXpNH8V5kULmg,MERCHANT CR pay_9MXpNH8V5kULmg CHADHAINC IMPS,CREDIT
S00224,2026-07-26,3654.56,pay_DsrPCDvsgSUYe1,NEFT-KKBK-pay_DsrPCDvsgSUYe1-CHADPLC,CREDIT
S00275,2026-07-26,16691.24,pay_05NaMMsN1PhPOy,IMPS/pay_05NaMMsN1PhPOy/BEHL-BORA,CREDIT
S00320,2026-07-26,12164.55,pay_Frk73oREJxgHcC,"RAZORPAY SETTLEMENT/pay_Frk73oREJxgHcC/MITAL,NADKARNIANDB",CREDIT
S00324,2026-07-26,2357.8,pay_T2EUBky1whBOKj,UPI/pay_T2EUBky1whBOKj/SANTANDSONS/PAYMENT,CREDIT
S00339,2026-07-26,7604.89,pay_OIqP0Al2kpYnND,"NEFT-SBIN-pay_OIqP0Al2kpYnND-RAU,NARAYANANANDMA",CREDIT
S00375,2026-07-26,2019.68,pay_kaUg686W8Oh6O5,NEFT-SBIN-pay_kaUg686W8Oh6O5-KHANNALTD,CREDIT
S00385,2026-07-26,1760.28,pay_V75fow9nNc57ee,IMPS/pay_V75fow9nNc57ee/JAINANDSONS,CREDIT
S00043,2026-07-27,1264.18,pay_bM9ihJtn5VUBUw,"IMPS/pay_bM9ihJtn5VUBUw/SANI,DEEPANDDEO",CREDIT
S00067,2026-07-27,2638.17,pay_iwakfdf5yIZb1a,NEFT-KKBK-pay_iwakfdf5yIZb1a-LAL-DESAI,CREDIT
S00076,2026-07-27,5667.03,pay_yDdX9Q5PKHHcmY,"MERCHANT CR pay_yDdX9Q5PKHHcmY LATA,DESHPANDEANDR IMPS",CREDIT
S00155,2026-07-27,13656.24,pay_Kv5LaeXEmVgi3T,UPI/pay_Kv5LaeXEmVgi3T/RAMANATHAN-LOKE/PAYMENT,CREDIT
S00289,2026-07-27,-14592.35,pay_SAVdwmhHKYjW8t,REVERSAL/pay_SAVdwmhHKYjW8t/SANIANDSONS/REFUND,DEBIT
S00347,2026-07-27,44622.19,pay_8AKjzABH2sE4Dr,"RAZORPAY SETTLEMENT/pay_8AKjzABH2sE4Dr/PUROHIT,SHARMAANDR",CREDIT
S00372,2026-07-27,1621.29,pay_LZ73b2XpRz1u8i,MERCHANT CR pay_LZ73b2XpRz1u8i KADAKIA-GANGULY NETBANKING,CREDIT
S00397,2026-07-27,31026.56,pay_PqSCHhcQxClbny,"UPI/pay_PqSCHhcQxClbny/VALA,MANEANDWALLA/PAYMENT",CREDIT
S00408,2026-07-27,2408.6,pay_PA8ccwZzpknDBZ,MERCHANT CR pay_PA8ccwZzpknDBZ DIN-MEMON UPI,CREDIT
S00072,2026-07-28,532.99,pay_lvpbVKLKRZ3Zz9,NEFT-SBIN-pay_lvpbVKLKRZ3Zz9-RATTANANDSONS,CREDIT
S00100,2026-07-28,9133.87,pay_9nEyg2CSGRJdg0,IMPS/pay_9nEyg2CSGRJdg0/PATEL-SARMA,CREDIT
S00120,2026-07-28,3163.25,pay_18TDJlToIvvFdO,UPI/pay_18TDJlToIvvFdO/PRASHAD-CHOWDHURY/PAYMENT,CREDIT
S00209,2026-07-28,25224.9,pay_9vS953uUpzOLe5,"MERCHANT CR pay_9vS953uUpzOLe5 DAYAL,SUNDARAMANDS NETBANKING",CREDIT
S00332,2026-07-28,13552.96,pay_HLvZU2NaNhVHjm,RAZORPAY SETTLEMENT/pay_HLvZU2NaNhVHjm/THAKER-GOLA,CREDIT
S00386,2026-07-28,3070.87,pay_GUqV9bGZzMpeyi,IMPS/pay_GUqV9bGZzMpeyi/OOMMENINC,CREDIT
S00071,2026-07-29,24387.21,pay_iOXB2OEKIYqMuE,NEFT-SBIN-pay_iOXB2OEKIYqMuE-KONDALLC,CREDIT
S00139,2026-07-29,1828.56,pay_aI5v7EZmIaAR6J,RAZORPAY SETTLEMENT/pay_aI5v7EZmIaAR6J/MORAR-MANNAN,CREDIT
S00236,2026-07-29,2848.2,pay_eWE9HJtv3FwcXz,NEFT-SBIN-pay_eWE9HJtv3FwcXz-CHAD-DESHPANDE,CREDIT
S00325,2026-07-29,683.78,pay_sTnw0CZUlbCaYE,MERCHANT CR pay_sTnw0CZUlbCaYE RAIPLC CARD,CREDIT
S00012,2026-07-30,2376.61,pay_LWEgJ1Fgky8gfd,NEFT-ICIC-pay_LWEgJ1Fgky8gfd-NARAYANPLC,CREDIT
S00205,2026-07-30,46188.06,pay_vKadFmXPp7dAES,MERCHANT CR pay_vKadFmXPp7dAES BEDI-DARA UPI,CREDIT
S00219,2026-07-30,2856.45,pay_Rq3Wu23jwD7fsg,"RAZORPAY SETTLEMENT/pay_Rq3Wu23jwD7fsg/KHARE,GROVERANDDAS",CREDIT
S00296,2026-07-30,2195.81,pay_fbGpRKs7RzFmdh,MERCHANT CR pay_fbGpRKs7RzFmdh SETHI-MENON NEFT,CREDIT
S00333,2026-07-30,-13552.96,pay_HLvZU2NaNhVHjm,REVERSAL/pay_HLvZU2NaNhVHjm/THAKER-GOLA/REFUND,DEBIT
S00006,2026-07-31,3181.89,pay_9SJtPBCISKs5dT,"IMPS/pay_9SJtPBCISKs5dT/DASS,OZAANDCHAUHAN",CREDIT
S00022,2026-07-31,22376.8,pay_epdjcbrCiuGjGc,RAZORPAY SETTLEMENT/pay_epdjcbrCiuGjGc/BHAGAT-BANIK,CREDIT
S00025,2026-07-31,32802.32,pay_mhwu2w9hF9hUuG,IMPS/pay_mhwu2w9hF9hUuG/BANDILLC,CREDIT
S00030,2026-07-31,2344.95,pay_0dJfi1LWj,UPI/pay_0dJfi1LWj/MALHOTRAPLC/PAYMENT,CREDIT
S00046,2026-07-31,12514.43,pay_LIV5G9KRVIe1Ok,UPI/pay_LIV5G9KRVIe1Ok/HEGDE-MANI/PAYMENT,CREDIT
S00048,2026-07-31,2375.34,pay_wf1v5wgpSiipmA,"NEFT-ICIC-pay_wf1v5wgpSiipmA-LALLA,KAPURANDTANE",CREDIT
S00161,2026-07-31,4205.04,pay_lMOTFEdWaCdBu1,UPI/pay_lMOTFEdWaCdBu1/CHAUDHARY-RAMASWAM/PAYMENT,CREDIT
S00162,2026-07-31,17357.02,pay_NwEoxQZ5vqyMsq,"RAZORPAY SETTLEMENT/pay_NwEoxQZ5vqyMsq/BHASIN,PATLAANDPRA",CREDIT
S00204,2026-07-31,21131.38,pay_YMMfJZTSELvdwq,RAZORPAY SETTLEMENT/pay_YMMfJZTSELvdwq/SETH-CHEEMA,CREDIT
S00323,2026-07-31,3847.01,pay_s1YsXxggJ7ueIl,NEFT-KKBK-pay_s1YsXxggJ7ueIl-SALVI-NATT,CREDIT
S00334,2026-07-31,1706.98,pay_GN6Skdysx8YtVm,UPI/pay_GN6Skdysx8YtVm/RAVI-SANKARAN/PAYMENT,CREDIT
S00341,2026-07-31,3465.56,pay_cph6j0TjTw9mtF,RAZORPAY SETTLEMENT/pay_cph6j0TjTw9mtF/CHARGROUP,CREDIT
S00350,2026-07-31,3994.33,pay_cwJHze2tMTrUSb,"UPI/pay_cwJHze2tMTrUSb/NAZARETH,AURORAAND/PAYMENT",CREDIT
S00005,2026-08-01,12097.49,pay_ihGYvR3hzGBqHd,NEFT-HDFC-pay_ihGYvR3hzGBqHd-PURI-BASSI,CREDIT
S00141,2026-08-01,8190.15,pay_xVUag3DtEPzvy,UPI/pay_xVUag3DtEPzvy/DESHMUKHLLC/PAYMENT,CREDIT
S00210,2026-08-01,3059.24,pay_2rA12bwgVliibg,MERCHANT CR pay_2rA12bwgVliibg MADANPLC NETBANKING,CREDIT
S00225,2026-08-01,8868.99,pay_PNwuFDMf2zx2gj,NEFT-KKBK-pay_PNwuFDMf2zx2gj-SHA-BADAMI,CREDIT
S00263,2026-08-01,2591.19,pay_zMfU4rLybVUGXX,IMPS/pay_zMfU4rLybVUGXX/PALPLC,CREDIT
S00382,2026-08-01,2187.07,pay_dkntE3nVGtDSIy,NEFT-SBIN-pay_dkntE3nVGtDSIy-BORRAGROUP,CREDIT
S00393,2026-08-01,5657.05,pay_zL3d5ZYdlBNWVC,"RAZORPAY SETTLEMENT/pay_zL3d5ZYdlBNWVC/MASTER,BABUANDMITA",CREDIT
S00159,2026-08-02,306.25,pay_h1vtYbNEWPFiVH,"UPI/pay_h1vtYbNEWPFiVH/THAKKAR,SAHOTAANDM/PAYMENT",CREDIT
S00176,2026-08-02,761.34,pay_Nlk4ZrXZJ5Lv3N,MERCHANT CR pay_Nlk4ZrXZJ5Lv3N MANI-DEOL WALLET,CREDIT
S00178,2026-08-02,10016.79,pay_X44k7AGdqvuRC5,"UPI/pay_X44k7AGdqvuRC5/MANNAN,RANDHAWAAND/PAYMENT",CREDIT
S00249,2026-08-02,671.97,pay_oQpiql8zm0YbwT,IMPS/pay_oQpiql8zm0YbwT/CHERIAN-EDWIN,CREDIT
S00276,2026-08-02,5731.8,pay_QsEyZIgq9wQrKO,RAZORPAY SETTLEMENT/pay_QsEyZIgq9wQrKO/RANDHAWA-DUBEY,CREDIT
S00305,2026-08-02,1995.21,pay_UEGyuN0cJ3dLvf,NEFT-YESB-pay_UEGyuN0cJ3dLvf-SANGHAGROUP,CREDIT
S00026,2026-08-03,1167.45,pay_Nooa6ZIYNWDV10,"IMPS/pay_Nooa6ZIYNWDV10/KAUR,PRABHUANDDEO",CREDIT
S00152,2026-08-03,19262.24,pay_cuDXOmpt0DqXtB,UPI/pay_cuDXOmpt0DqXtB/CHOPRAANDSONS/PAYMENT,CREDIT
S00196,2026-08-03,10097.39,pay_jghRaBRDx821CE,"NEFT-AXIS-pay_jghRaBRDx821CE-YOGI,SAGARANDBANSA",CREDIT
S00265,2026-08-03,4266.62,pay_e0OCHTGCJ4409I,NEFT-AXIS-pay_e0OCHTGCJ4409I-SRIDHAR-ZACHARIAH,CREDIT
S00270,2026-08-03,1203.92,pay_VcInfzosx7iUj6,MERCHANT CR pay_VcInfzosx7iUj6 LALLAANDSONS NETBANKING,CREDIT
S00283,2026-08-03,16930.95,pay_fw3zJOjilFlQEV,UPI/pay_fw3zJOjilFlQEV/SAHA-SAMA/PAYMENT,CREDIT
S00294,2026-08-03,8373.52,pay_mf1S1we60clztM,IMPS/pay_mf1S1we60clztM/WALI-THAMAN,CREDIT
S00343,2026-08-03,7791.59,pay_Icq5lCl9fWsBzV,MERCHANT CR pay_Icq5lCl9fWsBzV NAYARGROUP NETBANKING,CREDIT
S00102,2026-08-04,4879.8,pay_lGJzOeXVkQBfQg,"RAZORPAY SETTLEMENT/pay_lGJzOeXVkQBfQg/SUR,NAZARETHANDKHA",CREDIT
S00285,2026-08-04,5391.58,pay_r9gsAb6eAQFbWx,"NEFT-YESB-pay_r9gsAb6eAQFbWx-BIR,RAVALANDROY",CREDIT
S00064,2026-08-05,746.96,pay_qNskICX6BCuVKR,NEFT-SBIN-pay_qNskICX6BCuVKR-AHLUWALIA-DUGAR,CREDIT
S00075,2026-08-05,7689.56,pay_7zBpkqrrEcd3Cw,MERCHANT CR pay_7zBpkqrrEcd3Cw BATHINC NETBANKING,CREDIT
S00121,2026-08-05,-3163.25,pay_18TDJlToIvvFdO,REVERSAL/pay_18TDJlToIvvFdO/PRASHAD-CHOWDHUR/REFUND,DEBIT
S00153,2026-08-05,-19262.24,pay_cuDXOmpt0DqXtB,REVERSAL/pay_cuDXOmpt0DqXtB/CHOPRAANDSONS/REFUND,DEBIT
S00158,2026-08-05,4147.38,pay_ywz6yMPPis6VZt,"NEFT-YESB-pay_ywz6yMPPis6VZt-KHALSA,SANKARANAND",CREDIT
S00171,2026-08-05,5421.98,pay_Qqp6esoAnUVth4,IMPS/pay_Qqp6esoAnUVth4/DATTA-LOYAL,CREDIT
S00233,2026-08-05,6506.17,pay_ELVSaWTLPjB4yd,RAZORPAY SETTLEMENT/pay_ELVSaWTLPjB4yd/DASSANDSONS,CREDIT
S00237,2026-08-05,27087.13,pay_ELS51qOfM3Eyk9,"NEFT-ICIC-pay_ELS51qOfM3Eyk9-VISWANATHAN,VARTYA",CREDIT
S00269,2026-08-05,3182.4,pay_9hel5SbsB04EeC,IMPS/pay_9hel5SbsB04EeC/BUCH-SINGH,CREDIT
S00059,2026-08-06,25890.55,setl_vEAgVhWx8LH6QX,"RAZORPAY SETTLEMENT setl_vEAgVhWx8LH6QX BATCH OF 4 PRABHAKAR,LOYA",CREDIT
S00087,2026-08-06,21210.07,pay_usT6h2hW2XSixe,UPI/pay_usT6h2hW2XSixe/AMBLE-KAUL/PAYMENT,CREDIT
S00107,2026-08-06,8246.18,pay_DFM8a08gGZgzc5,UPI/pay_DFM8a08gGZgzc5/KALE-BALAY/PAYMENT,CREDIT
S00144,2026-08-06,20479.13,pay_0OBrDF3HHJh5F9,MERCHANT CR pay_0OBrDF3HHJh5F9 NAIK-DORA WALLET,CREDIT
S00160,2026-08-06,1882.37,pay_4MesHvIPCqDvdX,RAZORPAY SETTLEMENT/pay_4MesHvIPCqDvdX/IYENGARLLC,CREDIT
S00188,2026-08-06,2083.12,pay_D2qvOybQI9EFqm,MERCHANT CR pay_D2qvOybQI9EFqm HARI-SHARMA NETBANKING,CREDIT
S00193,2026-08-06,16113.74,setl_5gQK7ZQVW8wONK,"RAZORPAY SETTLEMENT setl_5gQK7ZQVW8wONK BATCH OF 2 SHENOY,VIGANDK",CREDIT
S00228,2026-08-06,249.0,pay_1GqjC9vtfZMS0u,IMPS/pay_1GqjC9vtfZMS0u/PATHAK-THAMAN,CREDIT
S00302,2026-08-06,11585.6,pay_9hbxUANh3zcvpj,NEFT-HDFC-pay_9hbxUANh3zcvpj-CHADHA-BAHRI,CREDIT
S00326,2026-08-06,3885.05,pay_JSP5AxLRKBpjoK,"NEFT-YESB-pay_JSP5AxLRKBpjoK-MANE,GANESANANDTHA",CREDIT
S00358,2026-08-06,1986.65,pay_mnEBpiEOtLL4rY,"MERCHANT CR pay_mnEBpiEOtLL4rY PURI,GILLANDCHANDE NEFT",CREDIT
S00394,2026-08-06,1254.98,pay_G0t4fJItyEp4ck,NEFT-YESB-pay_G0t4fJItyEp4ck-BHAVSARANDSONS,CREDIT
S00034,2026-08-07,16969.77,setl_kLp135Gc4mpEKW,"RAZORPAY SETTLEMENT setl_kLp135Gc4mpEKW BATCH OF 4 SURI,ACHARYAAN",CREDIT
S00078,2026-08-07,9170.8,pay_igPXrouWUlmq0P,UPI/pay_igPXrouWUlmq0P/DEOINC/PAYMENT,CREDIT
S00094,2026-08-07,11978.73,pay_xbbp5ye4pyZYCC,IMPS/pay_xbbp5ye4pyZYCC/BADAMI-MITAL,CREDIT
S00128,2026-08-07,8741.93,pay_PuYwvDyfz2XMGx,"NEFT-AXIS-pay_PuYwvDyfz2XMGx-CHAWLA,SONIANDWALI",CREDIT
S00154,2026-08-07,3349.89,pay_tKJCuLadhRNZqB,MERCHANT CR pay_tKJCuLadhRNZqB RAO-TRIPATHI CARD,CREDIT
S00207,2026-08-07,2558.18,pay_JFGH6EucNm3QP4,"UPI/pay_JFGH6EucNm3QP4/RAU,BORDEANDRAVAL/PAYMENT",CREDIT
S00261,2026-08-07,931.64,pay_fLJQBePpHoblCG,IMPS/pay_fLJQBePpHoblCG/KOTHARI-SHROFF,CREDIT
S00344,2026-08-07,14416.35,pay_jpdbyO4yMkhxg4,UPI/pay_jpdbyO4yMkhxg4/CHHABRA-JOHAL/PAYMENT,CREDIT
S00371,2026-08-07,6624.84,pay_baIos5lvezdu5s,"RAZORPAY SETTLEMENT/pay_baIos5lvezdu5s/NIGAM,MUTTIANDBALA",CREDIT
S00042,2026-08-08,5848.13,pay_flZngYp4H1PTmO,NEFT-ICIC-pay_flZngYp4H1PTmO-MITTER-HANDA,CREDIT
S00044,2026-08-08,11691.51,pay_V0NtPq7rcLZYwW,"IMPS/pay_V0NtPq7rcLZYwW/DUGAR,SETHIANDBASS",CREDIT
S00108,2026-08-08,24120.85,setl_y5seOIRNRCaYu1,"RAZORPAY PAYOUT setl_y5seOIRNRCaYu1 PART 1 OF 2 SANKAR,KOTAAND",DEBIT
S00118,2026-08-08,10694.48,pay_yC0L9oaiaBVsJV,MERCHANT CR pay_yC0L9oaiaBVsJV CHOWDHURY-RAMACHAN IMPS,CREDIT
S00203,2026-08-08,10787.61,pay_YaETMjMufrMgEG,MERCHANT CR pay_YaETMjMufrMgEG DUBEANDSONS NEFT,CREDIT
S00218,2026-08-08,1466.19,QC2k4s0jfB3,IMPS/QC2k4s0jfB3/RAMESHLTD,CREDIT
S00220,2026-08-08,5213.88,pay_jESEhH2mMeErzu,NEFT-AXIS-pay_jESEhH2mMeErzu-DEEP-SAWHNEY,CREDIT
S00327,2026-08-08,10504.99,pay_JXDOzuAYpH48xR,"UPI/pay_JXDOzuAYpH48xR/RAMAKRISHNAN,SAHAA/PAYMENT",CREDIT
S00360,2026-08-08,740.15,pay_O7xuEruQ1YOEzF,"UPI/pay_O7xuEruQ1YOEzF/SASTRY,KHURANAANDC/PAYMENT",CREDIT
S00362,2026-08-08,5055.05,pay_eFSKWQDbLn4X34,"IMPS/pay_eFSKWQDbLn4X34/MORE,PANCHALANDWAL",CREDIT
S00381,2026-08-08,1643.19,pay_vd9JNCCqWOArxv,IMPS/pay_vd9JNCCqWOArxv/BEN-JAIN,CREDIT
S00099,2026-08-09,4113.8,pay_FKcyDn6Vt2Yohh,RAZORPAY SETTLEMENT/pay_FKcyDn6Vt2Yohh/SARMA-SHAN,CREDIT
S00109,2026-08-09,21930.24,setl_letSA7nfeBxjWj,"RAZORPAY PAYOUT setl_letSA7nfeBxjWj PART 2 OF 2 SANKAR,KOTAAND",DEBIT
S00197,2026-08-09,10012.2,pay_UXpnTBqtBvae9K,RAZORPAY SETTLEMENT/pay_UXpnTBqtBvae9K/BHALLA-LOKE,CREDIT
S00251,2026-08-09,1165.35,pay_tSaVOHzZazPRbi,RAZORPAY SETTLEMENT/pay_tSaVOHzZazPRbi/ANNE-KADAKIA,CREDIT
S00271,2026-08-09,16066.81,pay_iNHxnyHFvjyT4s,MERCHANT CR pay_iNHxnyHFvjyT4s KASHYAP-PANDIT WALLET,CREDIT
S00300,2026-08-09,16512.81,pay_sCKe6ZvrWGNQPB,"NEFT-ICIC-pay_sCKe6ZvrWGNQPB-DEO,TATAANDDAS",CREDIT
S00338,2026-08-09,42645.72,pay_Mb52CdmxUpiDdE,NEFT-SBIN-pay_Mb52CdmxUpiDdE-KALITAGROUP,CREDIT
S00356,2026-08-09,25385.71,pay_PRzYD3L9Ly1YDe,"NEFT-SBIN-pay_PRzYD3L9Ly1YDe-NAGAR,KIBEANDCHAUD",CREDIT
S00405,2026-08-09,-7851.4,cbk_Gug1296S7t6Tsj,CHARGEBACK DEBIT cbk_Gug1296S7t6Tsj DISPUTE RAISED,DEBIT
S00003,2026-08-10,2295.87,pay_VdI7y67wadoWOM,MERCHANT CR pay_VdI7y67wadoWOM KARNIK-BORA NEFT,CREDIT
S00056,2026-08-10,4372.89,pay_YEOb7pFIwtsm4X,UPI/pay_YEOb7pFIwtsm4X/LOYALPLC/PAYMENT,CREDIT
S00066,2026-08-10,1199.16,pay_J9W67jC4FNSy4d,"IMPS/pay_J9W67jC4FNSy4d/GROVER,BOASEANDBAI",CREDIT
S00073,2026-08-10,14124.22,pay_uLurDXo8XhPqYj,IMPS/pay_uLurDXo8XhPqYj/BATRA-BALASUBRAMAN,CREDIT
S00084,2026-08-10,1325.35,pay_iiFZ1OkaKZk95j,MERCHANT CR pay_iiFZ1OkaKZk95j ZACHARIA-BADAL WALLET,CREDIT
S00199,2026-08-10,23934.57,pay_lfiQvVWprY4mBW,IMPS/pay_lfiQvVWprY4mBW/SARAF-SAXENA,CREDIT
S00231,2026-08-10,1662.87,pay_EzJfLZuhtOXIvd,"MERCHANT CR pay_EzJfLZuhtOXIvd BANERJEE,CONTRACTO NETBANKING",CREDIT
S00266,2026-08-10,1219.74,pay_dOfGHtSlEz5rWt,"MERCHANT CR pay_dOfGHtSlEz5rWt LAD,BARADANDGOYAL IMPS",CREDIT
S00354,2026-08-10,13103.8,pay_n44nQw33hi3taN,NEFT-AXIS-pay_n44nQw33hi3taN-SHENOY-DUGAR,CREDIT
S00370,2026-08-10,2987.57,pay_dAH8qz3JElo4jJ,NEFT-KKBK-pay_dAH8qz3JElo4jJ-VENKATARAMANANDSON,CREDIT
S00384,2026-08-10,5772.37,pay_86WYUPVvSFO7zv,UPI/pay_86WYUPVvSFO7zv/KEERGROUP/PAYMENT,CREDIT
S00007,2026-08-11,5118.66,pay_O4Zoy2gxg27I3f,NEFT-SBIN-pay_O4Zoy2gxg27I3f-VAIDYA-BADAMI,CREDIT
S00050,2026-08-11,4639.29,pay_WrZGkDXTPbfpU8,"RAZORPAY SETTLEMENT/pay_WrZGkDXTPbfpU8/TANEJA,CHOUDHRYAND",CREDIT
S00068,2026-08-11,10991.11,pay_XutUrYuxbDoxsK,IMPS/pay_XutUrYuxbDoxsK/GREWALPLC,CREDIT
S00163,2026-08-11,11976.52,pay_s2pG6kYs60Btfx,IMPS/pay_s2pG6kYs60Btfx/SHUKLA-TALWAR,CREDIT
S00208,2026-08-11,2334.69,pay_jvwCkjJuidqd39,IMPS/pay_jvwCkjJuidqd39/SATHELLC,CREDIT
S00211,2026-08-11,5916.7,pay_pw3rFvvH98TpKY,"MERCHANT CR pay_pw3rFvvH98TpKY RAMAKRISHNAN,ISSAC NEFT",CREDIT
S00361,2026-08-11,5852.71,pay_1T9OdVU33E8OzG,RAZORPAY SETTLEMENT/pay_1T9OdVU33E8OzG/SAMRAGROUP,CREDIT
S00376,2026-08-11,7946.33,pay_gly435ycTaw7p1,"RAZORPAY SETTLEMENT/pay_gly435ycTaw7p1/SASTRY,GHOSEANDRAN",CREDIT
S00403,2026-08-11,14765.88,setl_foBhYtYlgK0Y0Z,"RAZORPAY PAYOUT setl_foBhYtYlgK0Y0Z PART 1 OF 2 NAYAR,KRISHNAA",DEBIT
S00008,2026-08-12,12768.0,pay_BhMmv8DrwirZZx,RAZORPAY SETTLEMENT/pay_BhMmv8DrwirZZx/BALAKRISHNAN-NARAI,CREDIT
S00164,2026-08-12,3191.75,pay_By0EzpCi7ZU8Ar,"MERCHANT CR pay_By0EzpCi7ZU8Ar PARMER,BATTAANDRAV NETBANKING",CREDIT
S00315,2026-08-12,12124.32,pay_AIl41ESKWdHhw4,IMPS/pay_AIl41ESKWdHhw4/BATTA-PATIL,CREDIT
S00404,2026-08-12,13270.05,setl_yOrMZT1o2mRZuc,"RAZORPAY PAYOUT setl_yOrMZT1o2mRZuc PART 2 OF 2 NAYAR,KRISHNAA",DEBIT
S00116,2026-08-13,3844.11,pay_nap3w14D6adEz8,"NEFT-AXIS-pay_nap3w14D6adEz8-SRINIVASAN,SAWHNEY",CREDIT
S00194,2026-08-13,4131.67,pay_X5AVRfe3YBFQvl,IMPS/pay_X5AVRfe3YBFQvl/CHHABRAINC,CREDIT
S00195,2026-08-13,4774.58,setl_rhvwFQdEEErpBn,RAZORPAY SETTLEMENT setl_rhvwFQdEEErpBn BATCH OF 2 SIBAL-TARA,CREDIT
S00301,2026-08-13,8725.64,pay_wGV0EILdXDqPXu,RAZORPAY SETTLEMENT/pay_wGV0EILdXDqPXu/JOSHI-SIDHU,CREDIT
S00346,2026-08-13,2139.74,pay_Vmef0MuNUclsSG,MERCHANT CR pay_Vmef0MuNUclsSG KALALTD IMPS,CREDIT
S00401,2026-08-13,2473.84,pay_eAaT2wyjdcdIlR,MERCHANT CR pay_eAaT2wyjdcdIlR JOHAL-BHAKTA WALLET,CREDIT
S00051,2026-08-14,-4639.29,pay_WrZGkDXTPbfpU8,"REVERSAL/pay_WrZGkDXTPbfpU8/TANEJA,CHOUDHRYA/REFUND",DEBIT
S00058,2026-08-14,3437.4,pay_VmnqJlIrNSljEf,"NEFT-YESB-pay_VmnqJlIrNSljEf-UPPAL,SACHDEVAANDM",CREDIT
S00183,2026-08-14,2046.69,pay_tDRS81YKupSVcr,MERCHANT CR pay_tDRS81YKupSVcr ANAND-BALA IMPS,CREDIT
S00190,2026-08-14,9947.21,pay_zTn8uBCJcyiNml,"MERCHANT CR pay_zTn8uBCJcyiNml RAMACHANDRAN,TANKA WALLET",CREDIT
S00330,2026-08-14,9065.41,pay_Gq3Uz4GOIEQbit,UPI/pay_Gq3Uz4GOIEQbit/PARMAR-TRIVEDI/PAYMENT,CREDIT
S00337,2026-08-14,2490.33,pay_mbCyV1OgYvo2qP,RAZORPAY SETTLEMENT/pay_mbCyV1OgYvo2qP/SHARMA-VENKATESH,CREDIT
S00368,2026-08-14,9923.99,pay_ApXQrApVs1KxYO,UPI/pay_ApXQrApVs1KxYO/KATAINC/PAYMENT,CREDIT
S00400,2026-08-14,10033.64,pay_d9SB1co8gqH7X7,"NEFT-AXIS-pay_d9SB1co8gqH7X7-MAJUMDAR,NAGARANDM",CREDIT
S00035,2026-08-15,10706.72,pay_oEoHQVvBtEMZaV,UPI/pay_oEoHQVvBtEMZaV/SHANKERPLC/PAYMENT,CREDIT
S00101,2026-08-15,57411.64,pay_roQes9dWGMf0OG,NEFT-YESB-pay_roQes9dWGMf0OG-SRINIVASAN-CHADHA,CREDIT
S00165,2026-08-15,3736.68,pay_DN51dpkApWOSMY,RAZORPAY SETTLEMENT/pay_DN51dpkApWOSMY/SHARAFGROUP,CREDIT
S00175,2026-08-15,4291.27,pay_GJ0LpK4sh1lqvf,"UPI/pay_GJ0LpK4sh1lqvf/SWAMINATHAN,SHAHAN/PAYMENT",CREDIT
S00177,2026-08-15,624.03,pay_lNzugOCQp3vrxY,NEFT-AXIS-pay_lNzugOCQp3vrxY-AGRAWAL-SARAF,CREDIT
S00189,2026-08-15,5696.22,pay_HLZ6Mk0D1yIPMm,RAZORPAY SETTLEMENT/pay_HLZ6Mk0D1yIPMm/DAS-MAMMEN,CREDIT
S00206,2026-08-15,4206.24,pay_1XNheggE6k1ORg,"RAZORPAY SETTLEMENT/pay_1XNheggE6k1ORg/BATH,SEKHONANDMUKH",CREDIT
S00221,2026-08-15,4748.64,pay_n2Q0M76Mey1tyx,IMPS/pay_n2Q0M76Mey1tyx/SUBRAMANIAN-SHANKE,CREDIT
S00262,2026-08-15,12198.97,pay_RKgj4XpkXZkaVH,NEFT-SBIN-pay_RKgj4XpkXZkaVH-TATAPLC,CREDIT
S00083,2026-08-16,644.09,pay_KeD94IMVH11DNK,UPI/pay_KeD94IMVH11DNK/GREWALANDSONS/PAYMENT,CREDIT
S00112,2026-08-16,19165.68,pay_mmOqKovHaVfrmR,"RAZORPAY SETTLEMENT/pay_mmOqKovHaVfrmR/VOHRA,MALHOTRAANDV",CREDIT
S00229,2026-08-16,7144.99,pay_hGdA8pl6ONTn1X,UPI/pay_hGdA8pl6ONTn1X/REDDY-SACHAR/PAYMENT,CREDIT
S00281,2026-08-16,1982.6,pay_WkPtPC3gxcN7p1,IMPS/pay_WkPtPC3gxcN7p1/SAMILLC,CREDIT
S00312,2026-08-16,34100.3,setl_btEVUT9INH2PQQ,RAZORPAY SETTLEMENT setl_btEVUT9INH2PQQ BATCH OF 4 BIRPLC,CREDIT
S00377,2026-08-16,10482.58,pay_vvdhjHCnuE4w4F,NEFT-AXIS-pay_vvdhjHCnuE4w4F-PAI-MAHAJAN,CREDIT
S00174,2026-08-17,4830.52,setl_KcVEWUbcIMvN9o,RAZORPAY SETTLEMENT setl_KcVEWUbcIMvN9o BATCH OF 2 VAIDYAPLC,CREDIT
